codigo_municipio,municipio,codigo_uf,uf,estado,regiao,ano,pib_total_reais,populacao,pib_per_capita_reais,impostos_reais,va_agropecuaria_reais,va_industria_reais,va_servicos_reais,va_administracao_publica_reais
3200102,Afonso Cláudio,32,ES,Espírito Santo,Sudeste,2020,498896000,30455,16381.415202758168,32388000,87893000,46108000,182359000,150148000
3200136,Águia Branca,32,ES,Espírito Santo,Sudeste,2020,192510000,9631,19988.578548437337,17365000,41471000,21082000,62703000,49888000
3200169,Água Doce do Norte,32,ES,Espírito Santo,Sudeste,2020,165981000,10909,15215.051792098267,8418000,25956000,23584000,47577000,60445000
3200201,Alegre,32,ES,Espírito Santo,Sudeste,2020,504636000,29975,16835.229357798165,25028000,52258000,111180000,187674000,128496000
3200300,Alfredo Chaves,32,ES,Espírito Santo,Sudeste,2020,370237000,14636,25296.324132276579,32176000,69954000,71860000,119175000,77072000
3200359,Alto Rio Novo,32,ES,Espírito Santo,Sudeste,2020,97264000,7874,12352.55270510541,3794000,19274000,4722000,27004000,42469000
3200409,Anchieta,32,ES,Espírito Santo,Sudeste,2020,1032718000,29779,34679.404949796837,81152000,30178000,340869000,340577000,239942000
3200508,Apiacá,32,ES,Espírito Santo,Sudeste,2020,104180000,7554,13791.368811225841,8317000,15516000,5851000,34404000,40092000
3200607,Aracruz,32,ES,Espírito Santo,Sudeste,2020,4480770000,103101,43460.005237582562,658010000,57873000,2003305000,1223863000,537719000
3200706,Atílio Vivácqua,32,ES,Espírito Santo,Sudeste,2020,316548000,12105,26150.185873605948,57697000,14234000,84831000,92634000,67153000
3200805,Baixo Guandu,32,ES,Espírito Santo,Sudeste,2020,861495000,31132,27672.330720801747,46902000,35260000,404689000,219234000,155411000
3200904,Barra de São Francisco,32,ES,Espírito Santo,Sudeste,2020,1006164000,44979,22369.639164943641,97170000,58146000,292037000,359396000,199416000
3201001,Boa Esperança,32,ES,Espírito Santo,Sudeste,2020,230086000,15092,15245.560561887092,14715000,42119000,14677000,84502000,74073000
3201100,Bom Jesus do Norte,32,ES,Espírito Santo,Sudeste,2020,181094000,9962,18178.478217225456,17818000,4622000,25456000,80806000,52392000
3201159,Brejetuba,32,ES,Espírito Santo,Sudeste,2020,261247000,12427,21022.531584453205,11236000,99469000,22708000,64199000,63635000
3201209,Cachoeiro de Itapemirim,32,ES,Espírito Santo,Sudeste,2020,5314337000,210589,25235.586854014218,648031000,58413000,1220942000,2466135000,920817000
3201308,Cariacica,32,ES,Espírito Santo,Sudeste,2020,10225382000,383917,26634.355863376721,2943913000,16704000,894239000,4943539000,1426986000
3201407,Castelo,32,ES,Espírito Santo,Sudeste,2020,1097925000,37747,29086.417463639493,135465000,103951000,276719000,391970000,189820000
3201506,Colatina,32,ES,Espírito Santo,Sudeste,2020,3819219000,123400,30949.910858995139,441847000,91995000,929993000,1748800000,606584000
3201605,Conceição da Barra,32,ES,Espírito Santo,Sudeste,2020,511631000,31273,16360.150928916317,51985000,64681000,71283000,164886000,158796000
3201704,Conceição do Castelo,32,ES,Espírito Santo,Sudeste,2020,241206000,12806,18835.38966109636,19480000,39618000,23433000,93292000,65382000
3201803,Divino de São Lourenço,32,ES,Espírito Santo,Sudeste,2020,68906000,4270,16137.236533957845,3118000,18319000,4406000,17103000,25960000
3201902,Domingos Martins,32,ES,Espírito Santo,Sudeste,2020,842386000,33986,24786.264932619313,57392000,154451000,140953000,328714000,160875000
3202009,Dores do Rio Preto,32,ES,Espírito Santo,Sudeste,2020,165841000,6771,24492.837099394477,17481000,25866000,20429000,66570000,35495000
3202108,Ecoporanga,32,ES,Espírito Santo,Sudeste,2020,361690000,22835,15839.281804247865,17155000,76411000,45401000,113271000,109453000
3202207,Fundão,32,ES,Espírito Santo,Sudeste,2020,402656000,21948,18345.90851102606,41688000,27077000,75837000,148915000,109140000
3202256,Governador Lindenberg,32,ES,Espírito Santo,Sudeste,2020,250529000,12880,19451.009316770185,16164000,58732000,32576000,78869000,64187000
3202306,Guaçuí,32,ES,Espírito Santo,Sudeste,2020,560717000,31122,18016.740569372148,39641000,51811000,78145000,252030000,139090000
3202405,Guarapari,32,ES,Espírito Santo,Sudeste,2020,2315194000,126701,18272.894452293192,208324000,52178000,292647000,1199030000,563014000
3202454,Ibatiba,32,ES,Espírito Santo,Sudeste,2020,376593000,26426,14250.851434193597,26536000,54598000,21265000,157217000,116976000
3202504,Ibiraçu,32,ES,Espírito Santo,Sudeste,2020,271346000,12591,21550.790247001827,26229000,18145000,40758000,122197000,64017000
3202553,Ibitirama,32,ES,Espírito Santo,Sudeste,2020,156319000,8859,17645.219550739363,9842000,41171000,6079000,50115000,49111000
3202603,Iconha,32,ES,Espírito Santo,Sudeste,2020,305544000,13973,21866.743004365562,59201000,29572000,16664000,125753000,74354000
3202652,Irupi,32,ES,Espírito Santo,Sudeste,2020,256667000,13526,18975.824338311399,15773000,81282000,11592000,81116000,66905000
3202702,Itaguaçu,32,ES,Espírito Santo,Sudeste,2020,276313000,14023,19704.271553875777,14188000,81153000,17251000,91977000,71744000
3202801,Itapemirim,32,ES,Espírito Santo,Sudeste,2020,3244133000,34656,93609.562557710058,84057000,90338000,1886850000,827913000,354975000
3202900,Itarana,32,ES,Espírito Santo,Sudeste,2020,216568000,10494,20637.316561844862,12831000,38450000,38119000,73720000,53448000
3203007,Iúna,32,ES,Espírito Santo,Sudeste,2020,531478000,29290,18145.373847729599,43173000,106087000,23081000,228630000,130507000
3203056,Jaguaré,32,ES,Espírito Santo,Sudeste,2020,651010000,31039,20973.936015979896,42326000,98644000,136316000,212250000,161473000
3203106,Jerônimo Monteiro,32,ES,Espírito Santo,Sudeste,2020,149303000,12265,12173.094170403587,8614000,20485000,8239000,55281000,56684000
3203130,João Neiva,32,ES,Espírito Santo,Sudeste,2020,383415000,16722,22928.776462145677,64266000,13868000,65670000,164025000,75587000
3203163,Laranja da Terra,32,ES,Espírito Santo,Sudeste,2020,156096000,10933,14277.5084606238,9172000,40350000,9520000,41477000,55577000
3203205,Linhares,32,ES,Espírito Santo,Sudeste,2020,6672826000,176688,37766.152766458392,1004028000,275560000,2191805000,2283670000,917763000
3203304,Mantenópolis,32,ES,Espírito Santo,Sudeste,2020,169360000,15503,10924.337225053216,7135000,31540000,9912000,48413000,72360000
3203320,Marataízes,32,ES,Espírito Santo,Sudeste,2020,3622212000,38883,93156.700871846304,76311000,96717000,2205607000,943178000,300398000
3203346,Marechal Floriano,32,ES,Espírito Santo,Sudeste,2020,493761000,16920,29182.092198581558,52934000,99702000,62824000,188692000,89609000
3203353,Marilândia,32,ES,Espírito Santo,Sudeste,2020,225558000,12963,17400.138856746125,17240000,26640000,23970000,90715000,66993000
3203403,Mimoso do Sul,32,ES,Espírito Santo,Sudeste,2020,489973000,26115,18762.129044610378,40516000,72693000,74484000,186646000,115633000
3203502,Montanha,32,ES,Espírito Santo,Sudeste,2020,367560000,18894,19453.794855509685,33643000,63908000,38031000,137585000,94393000
3203601,Mucurici,32,ES,Espírito Santo,Sudeste,2020,87581000,5496,15935.407569141194,2630000,27666000,4541000,18684000,34061000
3203700,Muniz Freire,32,ES,Espírito Santo,Sudeste,2020,343559000,17319,19837.115306888387,22065000,98035000,23558000,106966000,92934000
3203809,Muqui,32,ES,Espírito Santo,Sudeste,2020,202485000,15526,13041.672034007472,12759000,22740000,9706000,86780000,70501000
3203908,Nova Venécia,32,ES,Espírito Santo,Sudeste,2020,1208271000,50434,23957.469167625015,122118000,102178000,191914000,557995000,234067000
3204005,Pancas,32,ES,Espírito Santo,Sudeste,2020,279585000,23306,11996.267055693812,12679000,60117000,15880000,86078000,104831000
3204054,Pedro Canário,32,ES,Espírito Santo,Sudeste,2020,348669000,26381,13216.671089041356,17380000,36627000,62804000,112174000,119684000
3204104,Pinheiros,32,ES,Espírito Santo,Sudeste,2020,682309000,27327,24968.309730303365,93426000,103589000,101034000,245445000,138814000
3204203,Piúma,32,ES,Espírito Santo,Sudeste,2020,585408000,22053,26545.504013059446,33299000,13801000,226407000,189884000,122018000
3204252,Ponto Belo,32,ES,Espírito Santo,Sudeste,2020,93979000,7940,11836.146095717884,3836000,17757000,5092000,26865000,40429000
3204302,Presidente Kennedy,32,ES,Espírito Santo,Sudeste,2020,3514594000,11658,301474.86704408989,49050000,69244000,2368609000,865802000,161890000
3204351,Rio Bananal,32,ES,Espírito Santo,Sudeste,2020,426834000,19271,22149.032224586164,32024000,118970000,37833000,131096000,106912000
3204401,Rio Novo do Sul,32,ES,Espírito Santo,Sudeste,2020,205780000,11626,17699.982797178738,20991000,18656000,38151000,69820000,58162000
3204500,Santa Leopoldina,32,ES,Espírito Santo,Sudeste,2020,281608000,12197,23088.300401738132,8179000,97737000,65017000,54805000,55870000
3204559,Santa Maria de Jetibá,32,ES,Espírito Santo,Sudeste,2020,1520558000,41015,37073.217115689382,102053000,711120000,95398000,396841000,215146000
3204609,Santa Teresa,32,ES,Espírito Santo,Sudeste,2020,492689000,23724,20767.534985668521,37416000,82779000,39584000,217898000,115012000
3204658,São Domingos do Norte,32,ES,Espírito Santo,Sudeste,2020,257245000,8687,29612.639576378497,30555000,32072000,89799000,57592000,47227000
3204708,São Gabriel da Palha,32,ES,Espírito Santo,Sudeste,2020,677047000,38522,17575.593167540625,52494000,64521000,102593000,290245000,167194000
3204807,São José do Calçado,32,ES,Espírito Santo,Sudeste,2020,173038000,10546,16407.927176180543,9432000,18581000,31868000,62272000,50885000
3204906,São Mateus,32,ES,Espírito Santo,Sudeste,2020,2573913000,132642,19404.962229158184,267586000,221875000,365161000,1097222000,622070000
3204955,São Roque do Canaã,32,ES,Espírito Santo,Sudeste,2020,207932000,12510,16621.262989608313,15423000,41760000,20731000,72982000,57037000
3205002,Serra,32,ES,Espírito Santo,Sudeste,2020,25079657000,527240,47567.819209468173,6145832000,24068000,5466585000,11196709000,2246463000
3205010,Sooretama,32,ES,Espírito Santo,Sudeste,2020,543169000,30680,17704.335071707952,57371000,74963000,101077000,159028000,150730000
3205036,Vargem Alta,32,ES,Espírito Santo,Sudeste,2020,366570000,21591,16977.907461442268,36109000,38939000,79346000,115967000,96208000
3205069,Venda Nova do Imigrante,32,ES,Espírito Santo,Sudeste,2020,645060000,25745,25055.738978442416,71189000,60151000,89952000,301499000,122269000
3205101,Viana,32,ES,Espírito Santo,Sudeste,2020,3619150000,79500,45523.899371069179,958759000,20989000,455933000,1848295000,335173000
3205150,Vila Pavão,32,ES,Espírito Santo,Sudeste,2020,150319000,9244,16261.250540891389,7896000,32131000,22360000,40169000,47763000
3205176,Vila Valério,32,ES,Espírito Santo,Sudeste,2020,316623000,14073,22498.614367938604,19844000,101196000,19374000,102514000,73694000
3205200,Vila Velha,32,ES,Espírito Santo,Sudeste,2020,12590915000,501325,25115.274522515334,2223900000,18117000,1688547000,6670715000,1989636000
3205309,Vitória,32,ES,Espírito Santo,Sudeste,2020,25473898000,365855,69628.399229202827,5717593000,17610000,5181982000,12642034000,1914680000
3100104,Abadia dos Dourados,31,MG,Minas Gerais,Sudeste,2020,153873000,7006,21963.03168712532,9046000,55678000,9667000,43207000,36275000
3100203,Abaeté,31,MG,Minas Gerais,Sudeste,2020,555814000,23250,23905.978494623654,45552000,98419000,77239000,232737000,101866000
3100302,Abre Campo,31,MG,Minas Gerais,Sudeste,2020,226522000,13444,16849.300803332342,16366000,43747000,12331000,96488000,57589000
3100401,Acaiaca,31,MG,Minas Gerais,Sudeste,2020,58057000,3994,14536.054081121683,3323000,3440000,6847000,22479000,21968000
3100500,Açucena,31,MG,Minas Gerais,Sudeste,2020,138557000,9368,14790.456874466268,2668000,18446000,54659000,22908000,39876000
3100609,Água Boa,31,MG,Minas Gerais,Sudeste,2020,172998000,13523,12792.871404274199,7615000,43548000,11268000,50074000,60492000
3100708,Água Comprida,31,MG,Minas Gerais,Sudeste,2020,159718000,1992,80179.718875502003,3730000,96711000,6456000,32425000,20396000
3100807,Aguanil,31,MG,Minas Gerais,Sudeste,2020,71565000,4522,15825.961963732861,2707000,17142000,2877000,23822000,25017000
3100906,Águas Formosas,31,MG,Minas Gerais,Sudeste,2020,254012000,19247,13197.485322387905,16573000,16728000,21444000,117101000,82166000
3101003,Águas Vermelhas,31,MG,Minas Gerais,Sudeste,2020,214552000,13599,15777.04242959041,17005000,44902000,8093000,86587000,57966000
3101102,Aimorés,31,MG,Minas Gerais,Sudeste,2020,577756000,25141,22980.629251024224,30306000,51565000,176742000,203529000,115615000
3101201,Aiuruoca,31,MG,Minas Gerais,Sudeste,2020,112993000,5976,18907.797858099064,5402000,29706000,2820000,45650000,29415000
3101300,Alagoa,31,MG,Minas Gerais,Sudeste,2020,46047000,2665,17278.424015009379,1861000,10758000,3653000,11891000,17884000
3101409,Albertina,31,MG,Minas Gerais,Sudeste,2020,106047000,3011,35219.860511457984,19778000,7835000,5467000,54223000,18744000
3101508,Além Paraíba,31,MG,Minas Gerais,Sudeste,2020,899673000,35401,25413.773622214063,50815000,10474000,273725000,408202000,156457000
3101607,Alfenas,31,MG,Minas Gerais,Sudeste,2020,2724216000,80494,33843.715059507544,321297000,170287000,436109000,1421023000,375501000
3101631,Alfredo Vasconcelos,31,MG,Minas Gerais,Sudeste,2020,117608000,6981,16846.870075920357,7434000,29228000,10939000,38202000,31806000
3101706,Almenara,31,MG,Minas Gerais,Sudeste,2020,632753000,42143,15014.427069738747,38824000,18294000,100144000,288760000,186731000
3101805,Alpercata,31,MG,Minas Gerais,Sudeste,2020,87460000,7436,11761.699838622915,4715000,8059000,7995000,32931000,33760000
3101904,Alpinópolis,31,MG,Minas Gerais,Sudeste,2020,450320000,19958,22563.383104519489,32217000,105953000,34984000,191200000,85966000
3102001,Alterosa,31,MG,Minas Gerais,Sudeste,2020,242399000,14517,16697.595922022458,12082000,60281000,14672000,92060000,63304000
3102050,Alto Caparaó,31,MG,Minas Gerais,Sudeste,2020,84550000,5894,14345.096708517136,3646000,18503000,2743000,30590000,29068000
3102100,Alto Rio Doce,31,MG,Minas Gerais,Sudeste,2020,179127000,10859,16495.717837738281,5335000,71530000,6747000,48598000,46917000
3102209,Alvarenga,31,MG,Minas Gerais,Sudeste,2020,48727000,3844,12676.118626430802,1979000,8154000,2104000,14212000,22278000
3102308,Alvinópolis,31,MG,Minas Gerais,Sudeste,2020,335514000,15169,22118.399367130332,45630000,31702000,87406000,106039000,64736000
3102407,Alvorada de Minas,31,MG,Minas Gerais,Sudeste,2020,61059000,3605,16937.309292649097,6741000,9323000,1738000,14746000,28511000
3102506,Amparo do Serra,31,MG,Minas Gerais,Sudeste,2020,50662000,4678,10829.841812740488,2092000,8396000,2010000,14902000,23262000
3102605,Andradas,31,MG,Minas Gerais,Sudeste,2020,1016872000,41396,24564.49898540922,106991000,118837000,175197000,432805000,183042000
3102704,Cachoeira de Pajeú,31,MG,Minas Gerais,Sudeste,2020,121538000,9442,12872.061004024572,9965000,5478000,3295000,59301000,43499000
3102803,Andrelândia,31,MG,Minas Gerais,Sudeste,2020,249223000,12206,20418.073078813697,16926000,53348000,18504000,104292000,56152000
3102852,Angelândia,31,MG,Minas Gerais,Sudeste,2020,115789000,8557,13531.494682715906,5113000,30369000,8850000,31706000,39752000
3102902,Antônio Carlos,31,MG,Minas Gerais,Sudeste,2020,196663000,11459,17162.31782878087,14639000,27322000,43552000,59760000,51389000
3103009,Antônio Dias,31,MG,Minas Gerais,Sudeste,2020,392983000,9275,42370.13477088949,20862000,24820000,188455000,103386000,55460000
3103108,Antônio Prado de Minas,31,MG,Minas Gerais,Sudeste,2020,26588000,1587,16753.623188405796,693000,3420000,1002000,7423000,14050000
3103207,Araçaí,31,MG,Minas Gerais,Sudeste,2020,57252000,2354,24321.155480033984,4516000,10362000,13726000,11210000,17438000
3103306,Aracitaba,31,MG,Minas Gerais,Sudeste,2020,27554000,2059,13382.224380767362,766000,3644000,1658000,7681000,13805000
3103405,Araçuaí,31,MG,Minas Gerais,Sudeste,2020,493448000,36712,13441.054696012203,34053000,19702000,41736000,245329000,152628000
3103504,Araguari,31,MG,Minas Gerais,Sudeste,2020,5927562000,117825,50308.185868873326,532358000,334912000,2516115000,1973180000,570997000
3103603,Arantina,31,MG,Minas Gerais,Sudeste,2020,68276000,2787,24498.026551847866,1540000,28709000,3828000,16408000,17792000
3103702,Araponga,31,MG,Minas Gerais,Sudeste,2020,96164000,8453,11376.316100792617,3295000,30304000,3533000,23025000,36006000
3103751,Araporã,31,MG,Minas Gerais,Sudeste,2020,1462238000,6931,210970.71129707113,48497000,48350000,1101923000,199733000,63735000
3103801,Arapuá,31,MG,Minas Gerais,Sudeste,2020,161000000,2835,56790.123456790127,21542000,20477000,52081000,48922000,17977000
3103900,Araújos,31,MG,Minas Gerais,Sudeste,2020,373981000,9401,39780.980746729074,20527000,158760000,43092000,108876000,42725000
3104007,Araxá,31,MG,Minas Gerais,Sudeste,2020,6094234000,107337,56776.638065159263,855573000,128153000,2359879000,2191379000,559250000
3104106,Arceburgo,31,MG,Minas Gerais,Sudeste,2020,320228000,10883,29424.6071855187,48716000,18948000,76199000,122707000,53658000
3104205,Arcos,31,MG,Minas Gerais,Sudeste,2020,1525022000,40380,37766.76572560674,230914000,45464000,454170000,607026000,187447000
3104304,Areado,31,MG,Minas Gerais,Sudeste,2020,252554000,15181,16636.189974309993,14998000,36659000,15744000,117845000,67307000
3104403,Argirita,31,MG,Minas Gerais,Sudeste,2020,36720000,2704,13579.881656804733,1269000,5323000,1081000,11795000,17252000
3104452,Aricanduva,31,MG,Minas Gerais,Sudeste,2020,60656000,5269,11511.861833364965,1668000,17172000,1237000,13835000,26744000
3104502,Arinos,31,MG,Minas Gerais,Sudeste,2020,280277000,17862,15691.243981636995,15295000,76409000,11466000,90854000,86253000
3104601,Astolfo Dutra,31,MG,Minas Gerais,Sudeste,2020,272610000,14270,19103.714085494044,22887000,20496000,72941000,92611000,63675000
3104700,Ataléia,31,MG,Minas Gerais,Sudeste,2020,184822000,12678,14578.166903297049,8840000,44369000,25566000,51095000,54952000
3104809,Augusto de Lima,31,MG,Minas Gerais,Sudeste,2020,66732000,4851,13756.338899196042,3648000,12824000,3198000,21007000,26056000
3104908,Baependi,31,MG,Minas Gerais,Sudeste,2020,325326000,19199,16944.945049221315,19443000,28041000,29692000,160814000,87336000
3105004,Baldim,31,MG,Minas Gerais,Sudeste,2020,162971000,7803,20885.684992951428,8911000,19099000,64140000,33645000,37176000
3105103,Bambuí,31,MG,Minas Gerais,Sudeste,2020,647675000,23898,27101.640304628003,51176000,154882000,82278000,254179000,105160000
3105202,Bandeira,31,MG,Minas Gerais,Sudeste,2020,51346000,4766,10773.394880402853,1602000,10160000,1878000,12767000,24938000
3105301,Bandeira do Sul,31,MG,Minas Gerais,Sudeste,2020,79110000,5778,13691.58878504673,5301000,3257000,10167000,31942000,28444000
3105400,Barão de Cocais,31,MG,Minas Gerais,Sudeste,2020,1093189000,32866,33262.003286070714,130932000,15134000,357256000,417940000,171926000
3105509,Barão de Monte Alto,31,MG,Minas Gerais,Sudeste,2020,57215000,5354,10686.402689577886,1726000,9089000,3070000,16513000,26817000
3105608,Barbacena,31,MG,Minas Gerais,Sudeste,2020,3175494000,138204,22976.860293479203,373140000,125721000,488519000,1624161000,563953000
3105707,Barra Longa,31,MG,Minas Gerais,Sudeste,2020,71826000,5015,14322.233300099701,5756000,13930000,2887000,23969000,25284000
3105905,Barroso,31,MG,Minas Gerais,Sudeste,2020,492242000,20897,23555.629994736086,67267000,4403000,166107000,161634000,92831000
3106002,Bela Vista de Minas,31,MG,Minas Gerais,Sudeste,2020,319690000,10262,31152.796725784447,9919000,6467000,159682000,90671000,52951000
3106101,Belmiro Braga,31,MG,Minas Gerais,Sudeste,2020,58257000,3425,17009.343065693432,2989000,11203000,9334000,15031000,19699000
3106200,Belo Horizonte,31,MG,Minas Gerais,Sudeste,2020,97509893000,2521564,38670.401782385852,11886548000,3110000,15188789000,58130693000,12300753000
3106309,Belo Oriente,31,MG,Minas Gerais,Sudeste,2020,1876680000,26994,69522.116025783514,154109000,14767000,1247424000,316881000,143500000
3106408,Belo Vale,31,MG,Minas Gerais,Sudeste,2020,208882000,7719,27060.759165695039,7103000,25367000,65872000,55333000,55207000
3106507,Berilo,31,MG,Minas Gerais,Sudeste,2020,106156000,11872,8941.7115902964961,4562000,5460000,2916000,41275000,51943000
3106606,Bertópolis,31,MG,Minas Gerais,Sudeste,2020,45883000,4607,9959.4095940959414,1184000,9667000,909000,11314000,22809000
3106655,Berizal,31,MG,Minas Gerais,Sudeste,2020,54308000,4764,11399.664147774978,1850000,8500000,3617000,14051000,26290000
3106705,Betim,31,MG,Minas Gerais,Sudeste,2020,26185005000,444784,58871.283589337749,4031835000,14566000,10807859000,9076450000,2254295000
3106804,Bias Fortes,31,MG,Minas Gerais,Sudeste,2020,36717000,3329,11029.438269750675,1151000,7403000,814000,9850000,17499000
3106903,Bicas,31,MG,Minas Gerais,Sudeste,2020,276121000,14554,18972.172598598325,20319000,6029000,28764000,154228000,66781000
3107000,Biquinhas,31,MG,Minas Gerais,Sudeste,2020,52127000,2498,20867.493995196157,2200000,17681000,1765000,13640000,16841000
3107109,Boa Esperança,31,MG,Minas Gerais,Sudeste,2020,925930000,40219,23022.203436186875,82524000,160982000,79904000,423683000,178837000
3107208,Bocaina de Minas,31,MG,Minas Gerais,Sudeste,2020,69173000,5089,13592.650815484378,3051000,12581000,5904000,22798000,24839000
3107307,Bocaiúva,31,MG,Minas Gerais,Sudeste,2020,1051146000,50256,20915.83094555874,149998000,85159000,188754000,406153000,221083000
3107406,Bom Despacho,31,MG,Minas Gerais,Sudeste,2020,1445368000,51028,28324.998040291604,143014000,150885000,208926000,727227000,215317000
3107505,Bom Jardim de Minas,31,MG,Minas Gerais,Sudeste,2020,119957000,6459,18572.069979873046,8426000,23866000,11244000,42890000,33531000
3107604,Bom Jesus da Penha,31,MG,Minas Gerais,Sudeste,2020,159070000,4244,37481.14985862394,14962000,51386000,13946000,54405000,24371000
3107703,Bom Jesus do Amparo,31,MG,Minas Gerais,Sudeste,2020,143382000,6133,23378.770585357899,17550000,9512000,4802000,83113000,28404000
3107802,Bom Jesus do Galho,31,MG,Minas Gerais,Sudeste,2020,161979000,14862,10898.869600322971,6954000,27511000,9311000,53733000,64470000
3107901,Bom Repouso,31,MG,Minas Gerais,Sudeste,2020,144355000,10537,13699.819683021733,7739000,28134000,7407000,50910000,50165000
3108008,Bom Sucesso,31,MG,Minas Gerais,Sudeste,2020,377036000,17607,21413.983074913387,30884000,57336000,52891000,161718000,74208000
3108107,Bonfim,31,MG,Minas Gerais,Sudeste,2020,111673000,6860,16278.862973760934,7301000,19671000,5949000,46393000,32360000
3108206,Bonfinópolis de Minas,31,MG,Minas Gerais,Sudeste,2020,276477000,5444,50785.635562086703,10604000,159977000,12776000,61545000,31574000
3108255,Bonito de Minas,31,MG,Minas Gerais,Sudeste,2020,90974000,11369,8001.935086639106,3394000,9204000,2540000,23074000,52763000
3108305,Borda da Mata,31,MG,Minas Gerais,Sudeste,2020,341368000,19614,17404.303048842663,28328000,19235000,54807000,152714000,86285000
3108404,Botelhos,31,MG,Minas Gerais,Sudeste,2020,273195000,14949,18275.135460565925,24558000,58240000,17292000,107801000,65304000
3108503,Botumirim,31,MG,Minas Gerais,Sudeste,2020,60610000,6288,9638.9949109414756,2026000,8346000,6087000,14245000,29905000
3108552,Brasilândia de Minas,31,MG,Minas Gerais,Sudeste,2020,386072000,16748,23051.827083830904,23629000,153627000,19788000,116029000,73000000
3108602,Brasília de Minas,31,MG,Minas Gerais,Sudeste,2020,357401000,32405,11029.193025767629,21911000,15529000,20990000,147068000,151903000
3108701,Brás Pires,31,MG,Minas Gerais,Sudeste,2020,44829000,4293,10442.348008385745,1781000,5609000,1864000,13576000,22001000
3108800,Braúnas,31,MG,Minas Gerais,Sudeste,2020,203235000,4769,42615.852379953867,2399000,13257000,144901000,16042000,26636000
3108909,Brazópolis,31,MG,Minas Gerais,Sudeste,2020,184798000,14410,12824.288688410827,14986000,22188000,15251000,73622000,58750000
3109006,Brumadinho,31,MG,Minas Gerais,Sudeste,2020,2320574000,40666,57064.230561156743,274106000,27546000,1014056000,705748000,299119000
3109105,Bueno Brandão,31,MG,Minas Gerais,Sudeste,2020,182159000,10991,16573.469202074426,12552000,35916000,8709000,76588000,48392000
3109204,Buenópolis,31,MG,Minas Gerais,Sudeste,2020,132145000,10353,12763.933159470685,7562000,17328000,7435000,52135000,47686000
3109253,Bugre,31,MG,Minas Gerais,Sudeste,2020,42108000,3983,10571.930705498367,1101000,8875000,2107000,10409000,19616000
3109303,Buritis,31,MG,Minas Gerais,Sudeste,2020,951521000,25013,38041.058649502258,46192000,449092000,74778000,257415000,124045000
3109402,Buritizeiro,31,MG,Minas Gerais,Sudeste,2020,591364000,28121,21029.266384552469,32902000,238123000,25921000,165240000,129178000
3109451,Cabeceira Grande,31,MG,Minas Gerais,Sudeste,2020,388731000,6988,55628.362907842013,8510000,114758000,171941000,48668000,44854000
3109501,Cabo Verde,31,MG,Minas Gerais,Sudeste,2020,256779000,14075,18243.623445825931,17023000,73573000,13493000,89286000,63403000
3109600,Cachoeira da Prata,31,MG,Minas Gerais,Sudeste,2020,49089000,3591,13670.00835421888,2999000,2088000,2797000,20859000,20346000
3109709,Cachoeira de Minas,31,MG,Minas Gerais,Sudeste,2020,390009000,11579,33682.442352534759,47585000,32654000,156075000,103296000,50399000
3109808,Cachoeira Dourada,31,MG,Minas Gerais,Sudeste,2020,103352000,2706,38193.643754619363,2998000,45760000,3738000,22499000,28356000
3109907,Caetanópolis,31,MG,Minas Gerais,Sudeste,2020,268986000,11749,22894.373989275682,22207000,31415000,67777000,93581000,54005000
3110004,Caeté,31,MG,Minas Gerais,Sudeste,2020,911463000,45047,20233.600461739959,67467000,22971000,203808000,423915000,193302000
3110103,Caiana,31,MG,Minas Gerais,Sudeste,2020,113233000,5541,20435.480960115503,13641000,20390000,3201000,47337000,28664000
3110202,Cajuri,31,MG,Minas Gerais,Sudeste,2020,93463000,3974,23518.621036738801,7732000,11950000,25989000,25789000,22003000
3110301,Caldas,31,MG,Minas Gerais,Sudeste,2020,267961000,14541,18427.962313458498,19432000,48825000,33431000,105938000,60335000
3110400,Camacho,31,MG,Minas Gerais,Sudeste,2020,48530000,2869,16915.301498780063,1539000,16074000,1945000,11866000,17106000
3110509,Camanducaia,31,MG,Minas Gerais,Sudeste,2020,749782000,21801,34392.092105866701,101040000,19719000,195722000,327570000,105731000
3110608,Cambuí,31,MG,Minas Gerais,Sudeste,2020,1820502000,29814,61061.984302676596,345613000,28425000,726355000,586489000,133620000
3110707,Cambuquira,31,MG,Minas Gerais,Sudeste,2020,325158000,12812,25379.175772713083,12180000,143461000,12200000,99440000,57877000
3110806,Campanário,31,MG,Minas Gerais,Sudeste,2020,48716000,3730,13060.58981233244,2353000,5417000,1849000,17967000,21131000
3110905,Campanha,31,MG,Minas Gerais,Sudeste,2020,378380000,16762,22573.678558644555,29943000,62116000,35697000,175232000,75392000
3111002,Campestre,31,MG,Minas Gerais,Sudeste,2020,416696000,21054,19791.773534720243,26034000,97017000,33505000,164689000,95450000
3111101,Campina Verde,31,MG,Minas Gerais,Sudeste,2020,464263000,19752,23504.607128392061,27278000,135274000,32132000,180793000,88787000
3111150,Campo Azul,31,MG,Minas Gerais,Sudeste,2020,38722000,3824,10126.046025104602,1172000,3499000,1307000,10278000,22465000
3111200,Campo Belo,31,MG,Minas Gerais,Sudeste,2020,1118423000,54186,20640.442180637066,105943000,55435000,158534000,546227000,252283000
3111309,Campo do Meio,31,MG,Minas Gerais,Sudeste,2020,182938000,11651,15701.484851085745,10679000,44858000,8564000,68978000,49860000
3111408,Campo Florido,31,MG,Minas Gerais,Sudeste,2020,653809000,8269,79067.48095295683,51027000,218451000,184450000,149879000,50002000
3111507,Campos Altos,31,MG,Minas Gerais,Sudeste,2020,371582000,15563,23875.987920066826,20614000,128980000,15390000,132467000,74131000
3111606,Campos Gerais,31,MG,Minas Gerais,Sudeste,2020,634940000,28842,22014.423410304418,36868000,208167000,34149000,232268000,123488000
3111705,Canaã,31,MG,Minas Gerais,Sudeste,2020,71317000,4548,15680.958663148636,2299000,28422000,2415000,14749000,23432000
3111804,Canápolis,31,MG,Minas Gerais,Sudeste,2020,555471000,12201,45526.67814113597,50726000,134880000,170947000,141917000,57002000
3111903,Cana Verde,31,MG,Minas Gerais,Sudeste,2020,70612000,5594,12622.810153736145,3446000,11900000,3662000,24858000,26745000
3112000,Candeias,31,MG,Minas Gerais,Sudeste,2020,299681000,14888,20129.030091348737,19038000,75993000,26575000,111558000,66517000
3112059,Cantagalo,31,MG,Minas Gerais,Sudeste,2020,50529000,4551,11102.834541858932,1351000,7772000,4054000,12511000,24842000
3112109,Caparaó,31,MG,Minas Gerais,Sudeste,2020,90502000,5451,16602.825169693635,3980000,28803000,3208000,26711000,27799000
3112208,Capela Nova,31,MG,Minas Gerais,Sudeste,2020,56601000,4634,12214.285714285714,2990000,6253000,2158000,21359000,23842000
3112307,Capelinha,31,MG,Minas Gerais,Sudeste,2020,735878000,38057,19336.206216990304,52210000,136055000,72951000,314555000,160106000
3112406,Capetinga,31,MG,Minas Gerais,Sudeste,2020,162221000,6890,23544.412191582003,9075000,58187000,10656000,49305000,34999000
3112505,Capim Branco,31,MG,Minas Gerais,Sudeste,2020,97315000,9826,9903.8265825361286,4799000,3092000,8438000,39754000,41231000
3112604,Capinópolis,31,MG,Minas Gerais,Sudeste,2020,513143000,16234,31609.153628187752,30495000,186385000,47284000,173455000,75524000
3112653,Capitão Andrade,31,MG,Minas Gerais,Sudeste,2020,55518000,5514,10068.552774755168,2221000,6152000,2662000,16151000,28331000
3112703,Capitão Enéas,31,MG,Minas Gerais,Sudeste,2020,360849000,15313,23564.879514138313,45208000,23734000,90654000,127727000,73526000
3112802,Capitólio,31,MG,Minas Gerais,Sudeste,2020,286279000,8663,33046.173381045824,25025000,35790000,23889000,150685000,50890000
3112901,Caputira,31,MG,Minas Gerais,Sudeste,2020,107601000,9308,11560.055865921788,3698000,28876000,4326000,27893000,42808000
3113008,Caraí,31,MG,Minas Gerais,Sudeste,2020,193805000,23780,8149.9158957106811,9479000,18536000,24497000,47449000,93845000
3113107,Caranaíba,31,MG,Minas Gerais,Sudeste,2020,36787000,3166,11619.393556538218,944000,6045000,1377000,9152000,19270000
3113206,Carandaí,31,MG,Minas Gerais,Sudeste,2020,687318000,25669,26776.18917760723,73067000,103556000,167127000,223107000,120460000
3113305,Carangola,31,MG,Minas Gerais,Sudeste,2020,590249000,33011,17880.373208930356,34870000,28658000,57749000,320590000,148382000
3113404,Caratinga,31,MG,Minas Gerais,Sudeste,2020,2014904000,92603,21758.517542628208,206562000,90489000,256909000,1068744000,392200000
3113503,Carbonita,31,MG,Minas Gerais,Sudeste,2020,192622000,9414,20461.22795835989,7547000,87134000,7262000,49010000,41669000
3113602,Careaçu,31,MG,Minas Gerais,Sudeste,2020,149275000,6792,21978.062426383982,14616000,16994000,7472000,78387000,31807000
3113701,Carlos Chagas,31,MG,Minas Gerais,Sudeste,2020,473118000,18674,25335.653850273105,37629000,86873000,98084000,156958000,93573000
3113800,Carmésia,31,MG,Minas Gerais,Sudeste,2020,34738000,2646,13128.495842781556,925000,5333000,808000,9698000,17974000
3113909,Carmo da Cachoeira,31,MG,Minas Gerais,Sudeste,2020,248557000,12182,20403.628304055164,13657000,76792000,14095000,87131000,56881000
3114006,Carmo da Mata,31,MG,Minas Gerais,Sudeste,2020,190007000,11511,16506.558943619148,19230000,19773000,30065000,66929000,54010000
3114105,Carmo de Minas,31,MG,Minas Gerais,Sudeste,2020,218184000,14947,14597.176690974777,16200000,41380000,8634000,85595000,66375000
3114204,Carmo do Cajuru,31,MG,Minas Gerais,Sudeste,2020,517529000,22693,22805.666945754198,48674000,70312000,107753000,184895000,105895000
3114303,Carmo do Paranaíba,31,MG,Minas Gerais,Sudeste,2020,857550000,30334,28270.257796531943,77367000,177590000,78236000,379592000,144765000
3114402,Carmo do Rio Claro,31,MG,Minas Gerais,Sudeste,2020,582135000,21268,27371.403046830921,33425000,190497000,61166000,197393000,99654000
3114501,Carmópolis de Minas,31,MG,Minas Gerais,Sudeste,2020,408152000,19559,20867.733524208805,42105000,37613000,69560000,166184000,92689000
3114550,Carneirinho,31,MG,Minas Gerais,Sudeste,2020,374049000,10066,37159.646334194316,25570000,100338000,82371000,102645000,63125000
3114600,Carrancas,31,MG,Minas Gerais,Sudeste,2020,112202000,4049,27711.03976290442,4118000,50292000,3931000,30936000,22926000
3114709,Carvalhópolis,31,MG,Minas Gerais,Sudeste,2020,58835000,3597,16356.686127328328,2037000,16522000,3579000,15156000,21541000
3114808,Carvalhos,31,MG,Minas Gerais,Sudeste,2020,69951000,4461,15680.564895763282,3353000,16655000,3901000,22267000,23774000
3114907,Casa Grande,31,MG,Minas Gerais,Sudeste,2020,55420000,2254,24587.400177462288,1097000,26670000,1595000,10788000,15270000
3115003,Cascalho Rico,31,MG,Minas Gerais,Sudeste,2020,68042000,3092,22005.821474773609,1940000,25996000,2701000,15366000,22040000
3115102,Cássia,31,MG,Minas Gerais,Sudeste,2020,386820000,17740,21804.960541149943,30731000,74753000,21404000,171460000,88472000
3115201,Conceição da Barra de Minas,31,MG,Minas Gerais,Sudeste,2020,59462000,3946,15068.930562595033,1930000,21794000,2203000,13876000,19659000
3115300,Cataguases,31,MG,Minas Gerais,Sudeste,2020,1546575000,75540,20473.590150913424,244995000,16476000,234141000,732720000,318243000
3115359,Catas Altas,31,MG,Minas Gerais,Sudeste,2020,1093994000,5421,201806.67773473528,13683000,7113000,792485000,242098000,38615000
3115409,Catas Altas da Noruega,31,MG,Minas Gerais,Sudeste,2020,37392000,3653,10235.970435258692,1027000,7321000,1582000,9697000,17764000
3115458,Catuji,31,MG,Minas Gerais,Sudeste,2020,69138000,6257,11049.704331149112,4254000,4513000,1679000,25909000,32785000
3115474,Catuti,31,MG,Minas Gerais,Sudeste,2020,50517000,4965,10174.622356495469,1668000,6641000,1847000,13027000,27333000
3115508,Caxambu,31,MG,Minas Gerais,Sudeste,2020,354479000,21610,16403.470615455808,22637000,2548000,23065000,211218000,95010000
3115607,Cedro do Abaeté,31,MG,Minas Gerais,Sudeste,2020,22133000,1157,19129.645635263612,636000,4116000,875000,5633000,10872000
3115706,Central de Minas,31,MG,Minas Gerais,Sudeste,2020,81588000,7046,11579.335793357934,5258000,5714000,3802000,35496000,31318000
3115805,Centralina,31,MG,Minas Gerais,Sudeste,2020,305485000,10346,29526.870288034024,22669000,86240000,12205000,136310000,48061000
3115904,Chácara,31,MG,Minas Gerais,Sudeste,2020,43706000,3186,13718.141870684243,1551000,4861000,2687000,14764000,19843000
3116001,Chalé,31,MG,Minas Gerais,Sudeste,2020,83874000,5699,14717.318827864538,3958000,19630000,7586000,25574000,27126000
3116100,Chapada do Norte,31,MG,Minas Gerais,Sudeste,2020,104391000,15345,6802.9325513196482,2657000,7962000,2332000,26991000,64450000
3116159,Chapada Gaúcha,31,MG,Minas Gerais,Sudeste,2020,294614000,13953,21114.742349315558,22732000,105446000,9242000,92628000,64566000
3116209,Chiador,31,MG,Minas Gerais,Sudeste,2020,38001000,2671,14227.255709472109,1389000,4695000,1390000,11676000,18852000
3116308,Cipotânea,31,MG,Minas Gerais,Sudeste,2020,62052000,6799,9126.6362700397112,1878000,7138000,4501000,18791000,29745000
3116407,Claraval,31,MG,Minas Gerais,Sudeste,2020,153890000,4853,31710.282299608491,12671000,37018000,37719000,40050000,26431000
3116506,Claro dos Poções,31,MG,Minas Gerais,Sudeste,2020,75875000,7514,10097.817407505989,2802000,13946000,4263000,20647000,34217000
3116605,Cláudio,31,MG,Minas Gerais,Sudeste,2020,809658000,28859,28055.649883918362,112606000,46377000,202835000,322864000,124977000
3116704,Coimbra,31,MG,Minas Gerais,Sudeste,2020,121879000,7594,16049.381090334475,9363000,22853000,9895000,45877000,33891000
3116803,Coluna,31,MG,Minas Gerais,Sudeste,2020,104894000,8841,11864.494966632734,6092000,16037000,5538000,38335000,38892000
3116902,Comendador Gomes,31,MG,Minas Gerais,Sudeste,2020,133467000,3120,42777.884615384617,6650000,71630000,5776000,27306000,22106000
3117009,Comercinho,31,MG,Minas Gerais,Sudeste,2020,58301000,6774,8606.5839976380284,2209000,5071000,2484000,17721000,30816000
3117108,Conceição da Aparecida,31,MG,Minas Gerais,Sudeste,2020,212159000,10322,20554.05929083511,12782000,60913000,9688000,80327000,48448000
3117207,Conceição das Pedras,31,MG,Minas Gerais,Sudeste,2020,48115000,2813,17104.514752932813,1995000,13430000,1636000,14511000,16543000
3117306,Conceição das Alagoas,31,MG,Minas Gerais,Sudeste,2020,1149792000,28346,40562.760177802862,102368000,272368000,229160000,410553000,135344000
3117405,Conceição de Ipanema,31,MG,Minas Gerais,Sudeste,2020,62096000,4578,13564.001747487986,1561000,16393000,6307000,13107000,24728000
3117504,Conceição do Mato Dentro,31,MG,Minas Gerais,Sudeste,2020,4189050000,17503,239333.25715591613,76675000,16886000,3007033000,961848000,126608000
3117603,Conceição do Pará,31,MG,Minas Gerais,Sudeste,2020,332649000,5533,60120.910898246882,24307000,20365000,181630000,73228000,33118000
3117702,Conceição do Rio Verde,31,MG,Minas Gerais,Sudeste,2020,264557000,13684,19333.308973984214,12782000,77900000,15707000,98036000,60132000
3117801,Conceição dos Ouros,31,MG,Minas Gerais,Sudeste,2020,191131000,11748,16269.237316990126,18450000,7869000,45303000,68466000,51042000
3117836,Cônego Marinho,31,MG,Minas Gerais,Sudeste,2020,58842000,7686,7655.7377049180332,1378000,5031000,1644000,14211000,36579000
3117876,Confins,31,MG,Minas Gerais,Sudeste,2020,623884000,6800,91747.647058823524,42212000,257000,37968000,497862000,45585000
3117900,Congonhal,31,MG,Minas Gerais,Sudeste,2020,171676000,12082,14209.236881311041,12570000,12179000,18888000,75208000,52830000
3118007,Congonhas,31,MG,Minas Gerais,Sudeste,2020,2989103000,55309,54043.699940335209,191942000,2906000,1460744000,925144000,408368000
3118106,Congonhas do Norte,31,MG,Minas Gerais,Sudeste,2020,44957000,5046,8909.4332144272685,1667000,4301000,1524000,13683000,23782000
3118205,Conquista,31,MG,Minas Gerais,Sudeste,2020,400439000,6969,57460.037308078638,20032000,91184000,162975000,82212000,44036000
3118304,Conselheiro Lafaiete,31,MG,Minas Gerais,Sudeste,2020,2549201000,129606,19668.850207552121,209124000,17200000,362444000,1399193000,561239000
3118403,Conselheiro Pena,31,MG,Minas Gerais,Sudeste,2020,331442000,22949,14442.546516188069,19185000,47596000,20033000,142432000,102197000
3118502,Consolação,31,MG,Minas Gerais,Sudeste,2020,28824000,1784,16156.95067264574,753000,8024000,855000,7028000,12163000
3118601,Contagem,31,MG,Minas Gerais,Sudeste,2020,29558094000,668949,44185.870671755249,5164254000,2557000,6407969000,15180422000,2802892000
3118700,Coqueiral,31,MG,Minas Gerais,Sudeste,2020,198800000,9128,21779.141104294478,10023000,72300000,7250000,67161000,42066000
3118809,Coração de Jesus,31,MG,Minas Gerais,Sudeste,2020,242345000,26611,9106.948254481229,10941000,34405000,12308000,76689000,108002000
3118908,Cordisburgo,31,MG,Minas Gerais,Sudeste,2020,117201000,8897,13173.092053501181,6187000,31185000,6529000,36357000,36943000
3119005,Cordislândia,31,MG,Minas Gerais,Sudeste,2020,80535000,3542,22737.154150197628,3558000,27936000,13030000,17594000,18417000
3119104,Corinto,31,MG,Minas Gerais,Sudeste,2020,672009000,23668,28393.146864965354,47227000,47915000,284596000,182319000,109952000
3119203,Coroaci,31,MG,Minas Gerais,Sudeste,2020,119186000,9943,11986.925475208689,3257000,20226000,11132000,34597000,49974000
3119302,Coromandel,31,MG,Minas Gerais,Sudeste,2020,1288088000,27966,46059.071729957803,84352000,553680000,112301000,411860000,125895000
3119401,Coronel Fabriciano,31,MG,Minas Gerais,Sudeste,2020,1825683000,110290,16553.477196482003,158245000,3009000,186586000,1040674000,437169000
3119500,Coronel Murta,31,MG,Minas Gerais,Sudeste,2020,89353000,9215,9696.4731416169288,2729000,6391000,10245000,26084000,43904000
3119609,Coronel Pacheco,31,MG,Minas Gerais,Sudeste,2020,54452000,3090,17622.00647249191,2589000,11688000,2350000,18789000,19036000
3119708,Coronel Xavier Chaves,31,MG,Minas Gerais,Sudeste,2020,60761000,3441,17657.948270851495,1869000,21647000,4311000,13763000,19171000
3119807,Córrego Danta,31,MG,Minas Gerais,Sudeste,2020,155898000,3191,48855.531181447819,16308000,32402000,6048000,80928000,20211000
3119906,Córrego do Bom Jesus,31,MG,Minas Gerais,Sudeste,2020,42581000,3694,11527.070925825663,1425000,5530000,1838000,14156000,19633000
3119955,Córrego Fundo,31,MG,Minas Gerais,Sudeste,2020,205133000,6382,32142.431839548732,24064000,13790000,80678000,52645000,33955000
3120003,Córrego Novo,31,MG,Minas Gerais,Sudeste,2020,34989000,2728,12825.879765395894,1095000,4822000,1563000,10010000,17499000
3120102,Couto de Magalhães de Minas,31,MG,Minas Gerais,Sudeste,2020,59376000,4423,13424.37259778431,4249000,7210000,1769000,22202000,23945000
3120151,Crisólita,31,MG,Minas Gerais,Sudeste,2020,69259000,6760,10245.414201183432,1552000,20123000,1317000,13266000,33001000
3120201,Cristais,31,MG,Minas Gerais,Sudeste,2020,241929000,12931,18709.225891269045,11553000,75814000,14663000,79485000,60414000
3120300,Cristália,31,MG,Minas Gerais,Sudeste,2020,51343000,5982,8582.9154129053823,1491000,4904000,2053000,13223000,29672000
3120409,Cristiano Otoni,31,MG,Minas Gerais,Sudeste,2020,131011000,5156,25409.425911559349,11881000,21891000,12296000,57523000,27420000
3120508,Cristina,31,MG,Minas Gerais,Sudeste,2020,208310000,10226,20370.623899863094,11613000,41966000,48701000,58489000,47541000
3120607,Crucilândia,31,MG,Minas Gerais,Sudeste,2020,80562000,5054,15940.245350217649,4423000,10699000,11465000,26572000,27404000
3120706,Cruzeiro da Fortaleza,31,MG,Minas Gerais,Sudeste,2020,135843000,3639,37329.760923330585,6084000,62163000,8584000,33649000,25363000
3120805,Cruzília,31,MG,Minas Gerais,Sudeste,2020,270471000,15474,17479.061651803026,17734000,38902000,26530000,119249000,68056000
3120839,Cuparaque,31,MG,Minas Gerais,Sudeste,2020,65774000,5005,13141.658341658342,3415000,9599000,3448000,23055000,26258000
3120870,Curral de Dentro,31,MG,Minas Gerais,Sudeste,2020,72235000,7799,9262.0848826772672,2473000,9172000,3648000,20264000,36678000
3120904,Curvelo,31,MG,Minas Gerais,Sudeste,2020,1942185000,80616,24091.80559690384,166413000,236999000,324863000,872962000,340947000
3121001,Datas,31,MG,Minas Gerais,Sudeste,2020,61847000,5421,11408.780667773473,1937000,10662000,2406000,18646000,28196000
3121100,Delfim Moreira,31,MG,Minas Gerais,Sudeste,2020,113171000,8016,14118.13872255489,5338000,25815000,13135000,32084000,36800000
3121209,Delfinópolis,31,MG,Minas Gerais,Sudeste,2020,210160000,7131,29471.322395175994,7382000,93134000,10514000,54665000,44465000
3121258,Delta,31,MG,Minas Gerais,Sudeste,2020,468543000,10768,43512.537147102528,56226000,16602000,210029000,129767000,55919000
3121308,Descoberto,31,MG,Minas Gerais,Sudeste,2020,70501000,5029,14018.89043547425,4060000,6762000,12684000,21652000,25344000
3121407,Desterro de Entre Rios,31,MG,Minas Gerais,Sudeste,2020,228238000,7255,31459.407305306686,6610000,20201000,102101000,65274000,34053000
3121506,Desterro do Melo,31,MG,Minas Gerais,Sudeste,2020,42893000,2884,14872.746185852982,1295000,9615000,1983000,11677000,18324000
3121605,Diamantina,31,MG,Minas Gerais,Sudeste,2020,841560000,47825,17596.654469419758,60014000,30335000,62228000,482011000,206971000
3121704,Diogo de Vasconcelos,31,MG,Minas Gerais,Sudeste,2020,40334000,3790,10642.21635883905,1699000,4208000,1239000,12386000,20802000
3121803,Dionísio,31,MG,Minas Gerais,Sudeste,2020,81793000,7609,10749.507162570641,2081000,15930000,5006000,24917000,33859000
3121902,Divinésia,31,MG,Minas Gerais,Sudeste,2020,54421000,3424,15893.983644859813,2936000,6560000,6179000,18454000,20292000
3122009,Divino,31,MG,Minas Gerais,Sudeste,2020,281323000,19976,14083.04965959151,19278000,49928000,13359000,117653000,81105000
3122108,Divino das Laranjeiras,31,MG,Minas Gerais,Sudeste,2020,54964000,4974,11050.26135906715,2094000,6473000,2779000,17943000,25675000
3122207,Divinolândia de Minas,31,MG,Minas Gerais,Sudeste,2020,74269000,7614,9754.268452850014,2731000,8769000,1903000,25321000,35545000
3122306,Divinópolis,31,MG,Minas Gerais,Sudeste,2020,7051417000,240408,29331.041396292967,871934000,89833000,1453063000,3631322000,1005266000
3122355,Divisa Alegre,31,MG,Minas Gerais,Sudeste,2020,130309000,6868,18973.354688410018,16906000,2035000,28706000,45925000,36738000
3122405,Divisa Nova,31,MG,Minas Gerais,Sudeste,2020,96356000,6025,15992.697095435684,4609000,27132000,4495000,31948000,28171000
3122454,Divisópolis,31,MG,Minas Gerais,Sudeste,2020,90306000,11211,8055.1244313620555,1862000,13091000,3417000,21778000,50158000
3122470,Dom Bosco,31,MG,Minas Gerais,Sudeste,2020,56258000,3655,15392.065663474692,2958000,16215000,1978000,15527000,19578000
3122504,Dom Cavati,31,MG,Minas Gerais,Sudeste,2020,63006000,5048,12481.378763866878,3281000,1716000,3344000,28750000,25915000
3122603,Dom Joaquim,31,MG,Minas Gerais,Sudeste,2020,53219000,4451,11956.638957537632,1853000,7062000,2076000,17861000,24367000
3122702,Dom Silvério,31,MG,Minas Gerais,Sudeste,2020,99011000,5232,18924.120795107032,10712000,6881000,13928000,41072000,26417000
3122801,Dom Viçoso,31,MG,Minas Gerais,Sudeste,2020,36576000,2997,12204.204204204205,956000,6727000,1103000,10283000,17508000
3122900,Dona Euzébia,31,MG,Minas Gerais,Sudeste,2020,96684000,6619,14607.040338419702,4916000,21443000,5451000,33927000,30948000
3123007,Dores de Campos,31,MG,Minas Gerais,Sudeste,2020,305563000,10223,29889.758387948743,39267000,5371000,122883000,92347000,45696000
3123106,Dores de Guanhães,31,MG,Minas Gerais,Sudeste,2020,185468000,5154,35985.25417151727,7110000,9389000,111475000,29127000,28367000
3123205,Dores do Indaiá,31,MG,Minas Gerais,Sudeste,2020,288248000,13427,21467.788783793847,23662000,35967000,28393000,139741000,60485000
3123304,Dores do Turvo,31,MG,Minas Gerais,Sudeste,2020,56983000,4230,13471.158392434989,2478000,15016000,1791000,16805000,20893000
3123403,Doresópolis,31,MG,Minas Gerais,Sudeste,2020,55071000,1533,35923.679060665359,3632000,10009000,15175000,12290000,13965000
3123502,Douradoquara,31,MG,Minas Gerais,Sudeste,2020,72611000,1912,37976.464435146445,4464000,21802000,15218000,15623000,15504000
3123528,Durandé,31,MG,Minas Gerais,Sudeste,2020,118284000,7870,15029.733163913595,5082000,40342000,4800000,34000000,34061000
3123601,Elói Mendes,31,MG,Minas Gerais,Sudeste,2020,718205000,28320,25360.346045197741,87498000,98177000,103170000,306901000,122459000
3123700,Engenheiro Caldas,31,MG,Minas Gerais,Sudeste,2020,131702000,11202,11757.0076772005,7872000,11577000,7189000,53482000,51582000
3123809,Engenheiro Navarro,31,MG,Minas Gerais,Sudeste,2020,81760000,7241,11291.258113520233,5528000,11251000,4322000,26154000,34505000
3123858,Entre Folhas,31,MG,Minas Gerais,Sudeste,2020,62589000,5377,11640.133903663753,3125000,5121000,3220000,23312000,27811000
3123908,Entre Rios de Minas,31,MG,Minas Gerais,Sudeste,2020,267363000,15380,17383.810143042912,20382000,25180000,43114000,112952000,65735000
3124005,Ervália,31,MG,Minas Gerais,Sudeste,2020,358026000,18958,18885.219959911385,16300000,112148000,18924000,126114000,84539000
3124104,Esmeraldas,31,MG,Minas Gerais,Sudeste,2020,822413000,71551,11494.081144917611,56041000,36782000,57744000,374051000,297794000
3124203,Espera Feliz,31,MG,Minas Gerais,Sudeste,2020,389454000,25122,15502.507762120851,28623000,66255000,17567000,174027000,102982000
3124302,Espinosa,31,MG,Minas Gerais,Sudeste,2020,330588000,31610,10458.335969629865,22578000,15897000,29134000,129881000,133098000
3124401,Espírito Santo do Dourado,31,MG,Minas Gerais,Sudeste,2020,105654000,4710,22431.847133757961,9222000,20800000,17982000,33583000,24067000
3124500,Estiva,31,MG,Minas Gerais,Sudeste,2020,286494000,11386,25161.953275952925,25059000,60408000,15006000,135295000,50725000
3124609,Estrela Dalva,31,MG,Minas Gerais,Sudeste,2020,38225000,2325,16440.860215053763,1303000,7696000,1489000,11960000,15778000
3124708,Estrela do Indaiá,31,MG,Minas Gerais,Sudeste,2020,121123000,3491,34695.789172156976,3662000,66614000,4840000,26563000,19443000
3124807,Estrela do Sul,31,MG,Minas Gerais,Sudeste,2020,379820000,8018,47370.915440259414,11758000,233132000,35195000,58117000,41618000
3124906,Eugenópolis,31,MG,Minas Gerais,Sudeste,2020,185687000,11330,16388.967343336277,11677000,30306000,29824000,65445000,48434000
3125002,Ewbank da Câmara,31,MG,Minas Gerais,Sudeste,2020,47658000,3923,12148.355850114709,2673000,3452000,2994000,16822000,21717000
3125101,Extrema,31,MG,Minas Gerais,Sudeste,2020,11496521000,36951,311128.81924711104,3150764000,9145000,2328174000,5733141000,275297000
3125200,Fama,31,MG,Minas Gerais,Sudeste,2020,43828000,2376,18446.127946127945,1222000,9993000,2797000,14777000,15039000
3125309,Faria Lemos,31,MG,Minas Gerais,Sudeste,2020,61247000,3221,19014.902204284383,2196000,18500000,6314000,14185000,20053000
3125408,Felício dos Santos,31,MG,Minas Gerais,Sudeste,2020,55277000,4704,11751.062925170068,2514000,7974000,1497000,18699000,24593000
3125507,São Gonçalo do Rio Preto,31,MG,Minas Gerais,Sudeste,2020,39088000,3173,12318.941065237945,1567000,3408000,2351000,12479000,19283000
3125606,Felisburgo,31,MG,Minas Gerais,Sudeste,2020,68749000,7504,9161.6471215351812,2007000,7493000,1490000,22263000,35497000
3125705,Felixlândia,31,MG,Minas Gerais,Sudeste,2020,249853000,15433,16189.5289315104,20110000,57021000,9201000,91634000,71887000
3125804,Fernandes Tourinho,31,MG,Minas Gerais,Sudeste,2020,42959000,3466,12394.402769763416,1925000,5089000,1792000,13666000,20487000
3125903,Ferros,31,MG,Minas Gerais,Sudeste,2020,137690000,9696,14200.701320132013,7241000,28010000,6013000,51733000,44694000
3125952,Fervedouro,31,MG,Minas Gerais,Sudeste,2020,131955000,11054,11937.307761896147,6133000,28006000,4925000,42489000,50402000
3126000,Florestal,31,MG,Minas Gerais,Sudeste,2020,132924000,7533,17645.559538032656,10181000,12621000,14130000,59475000,36516000
3126109,Formiga,31,MG,Minas Gerais,Sudeste,2020,1935812000,67822,28542.537819586563,173596000,162750000,310313000,983973000,305180000
3126208,Formoso,31,MG,Minas Gerais,Sudeste,2020,250105000,9688,25815.957886044591,12998000,119708000,9729000,59133000,48537000
3126307,Fortaleza de Minas,31,MG,Minas Gerais,Sudeste,2020,80193000,4437,18073.698444895199,3700000,16918000,9285000,23409000,26883000
3126406,Fortuna de Minas,31,MG,Minas Gerais,Sudeste,2020,44515000,2967,15003.370407819346,1425000,8835000,2509000,12762000,18984000
3126505,Francisco Badaró,31,MG,Minas Gerais,Sudeste,2020,67185000,10321,6509.543648871233,2068000,5683000,1417000,18449000,39568000
3126604,Francisco Dumont,31,MG,Minas Gerais,Sudeste,2020,69504000,5242,13259.061426936283,3358000,20401000,2669000,15373000,27703000
3126703,Francisco Sá,31,MG,Minas Gerais,Sudeste,2020,434083000,26369,16461.86810269635,47408000,33398000,16531000,224823000,111923000
3126752,Franciscópolis,31,MG,Minas Gerais,Sudeste,2020,75561000,5338,14155.301611090295,2678000,12394000,13695000,17898000,28897000
3126802,Frei Gaspar,31,MG,Minas Gerais,Sudeste,2020,65155000,5869,11101.550519679673,1596000,17815000,2186000,13999000,29558000
3126901,Frei Inocêncio,31,MG,Minas Gerais,Sudeste,2020,114904000,9664,11889.900662251655,5943000,8936000,18444000,41573000,40009000
3126950,Frei Lagonegro,31,MG,Minas Gerais,Sudeste,2020,35155000,3487,10081.732147978204,665000,6526000,774000,7517000,19673000
3127008,Fronteira,31,MG,Minas Gerais,Sudeste,2020,1020812000,18492,55202.89855072464,14372000,11209000,763689000,116513000,115031000
3127057,Fronteira dos Vales,31,MG,Minas Gerais,Sudeste,2020,43586000,4561,9556.2376671782513,1046000,6497000,897000,11573000,23572000
3127073,Fruta de Leite,31,MG,Minas Gerais,Sudeste,2020,43921000,5299,8288.5450084921686,1590000,3139000,1466000,11146000,26581000
3127107,Frutal,31,MG,Minas Gerais,Sudeste,2020,2180558000,60012,36335.366260081319,240726000,281887000,418516000,948367000,291062000
3127206,Funilândia,31,MG,Minas Gerais,Sudeste,2020,73021000,4392,16625.910746812388,3928000,11034000,10623000,20358000,27079000
3127305,Galiléia,31,MG,Minas Gerais,Sudeste,2020,91111000,6790,13418.409425625921,3721000,13677000,10417000,29466000,33830000
3127339,Gameleiras,31,MG,Minas Gerais,Sudeste,2020,51192000,5096,10045.52590266876,1964000,6470000,1408000,13203000,28147000
3127354,Glaucilândia,31,MG,Minas Gerais,Sudeste,2020,38643000,3164,12213.337547408344,1634000,3948000,4913000,9250000,18898000
3127370,Goiabeira,31,MG,Minas Gerais,Sudeste,2020,44343000,3378,13126.998223801065,2070000,5101000,1467000,14804000,20901000
3127388,Goianá,31,MG,Minas Gerais,Sudeste,2020,62198000,3990,15588.471177944863,3663000,3687000,3234000,28534000,23081000
3127404,Gonçalves,31,MG,Minas Gerais,Sudeste,2020,76695000,4355,17610.792192881745,4973000,10080000,5818000,32108000,23716000
3127503,Gonzaga,31,MG,Minas Gerais,Sudeste,2020,60215000,6171,9757.7378058661488,2237000,6012000,2176000,18588000,31203000
3127602,Gouveia,31,MG,Minas Gerais,Sudeste,2020,147405000,11818,12472.92266034862,11289000,9057000,15520000,57756000,53784000
3127701,Governador Valadares,31,MG,Minas Gerais,Sudeste,2020,6725398000,281046,23929.883364289119,679862000,52710000,839592000,3753036000,1400198000
3127800,Grão Mogol,31,MG,Minas Gerais,Sudeste,2020,723943000,15890,45559.660163624918,9919000,182302000,398918000,55010000,77794000
3127909,Grupiara,31,MG,Minas Gerais,Sudeste,2020,37152000,1387,26785.868781542897,939000,8090000,1518000,9617000,16989000
3128006,Guanhães,31,MG,Minas Gerais,Sudeste,2020,794061000,34573,22967.662626905389,71210000,38392000,131161000,400874000,152424000
3128105,Guapé,31,MG,Minas Gerais,Sudeste,2020,317163000,14258,22244.564455042782,15775000,96183000,31485000,99367000,74354000
3128204,Guaraciaba,31,MG,Minas Gerais,Sudeste,2020,104090000,10315,10091.129423170141,4548000,16549000,5862000,32431000,44701000
3128253,Guaraciama,31,MG,Minas Gerais,Sudeste,2020,51711000,4989,10365.003006614552,1479000,9551000,1593000,12243000,26846000
3128303,Guaranésia,31,MG,Minas Gerais,Sudeste,2020,482385000,19017,25365.988326234423,63515000,27328000,147588000,154377000,89577000
3128402,Guarani,31,MG,Minas Gerais,Sudeste,2020,140013000,8918,15700.044853106077,14341000,18172000,16510000,51772000,39218000
3128501,Guarará,31,MG,Minas Gerais,Sudeste,2020,51041000,3775,13520.794701986755,2518000,4047000,6620000,15978000,21877000
3128600,Guarda-Mor,31,MG,Minas Gerais,Sudeste,2020,533830000,6569,81265.032729486978,23599000,329155000,28839000,107618000,44618000
3128709,Guaxupé,31,MG,Minas Gerais,Sudeste,2020,2282272000,52078,43824.10998886286,380864000,35176000,370630000,1261036000,234566000
3128808,Guidoval,31,MG,Minas Gerais,Sudeste,2020,112309000,7051,15928.095305630408,7807000,11679000,25074000,36798000,30951000
3128907,Guimarânia,31,MG,Minas Gerais,Sudeste,2020,280962000,8105,34665.268352868603,12661000,85718000,77253000,64275000,41055000
3129004,Guiricema,31,MG,Minas Gerais,Sudeste,2020,102045000,8343,12231.211794318591,6420000,17873000,7578000,34692000,35482000
3129103,Gurinhatã,31,MG,Minas Gerais,Sudeste,2020,148278000,5577,26587.412587412586,4741000,83289000,4096000,26515000,29637000
3129202,Heliodora,31,MG,Minas Gerais,Sudeste,2020,113429000,6591,17209.679866484599,6319000,27024000,5905000,43986000,30194000
3129301,Iapu,31,MG,Minas Gerais,Sudeste,2020,143168000,11045,12962.245359891354,8607000,12494000,20449000,52942000,48676000
3129400,Ibertioga,31,MG,Minas Gerais,Sudeste,2020,82385000,5010,16444.111776447106,2470000,27338000,2990000,22366000,27220000
3129509,Ibiá,31,MG,Minas Gerais,Sudeste,2020,1150723000,25358,45379.091410994559,106948000,293133000,252353000,372118000,126172000
3129608,Ibiaí,31,MG,Minas Gerais,Sudeste,2020,81472000,8437,9656.5129785468762,3375000,13426000,3710000,23422000,37540000
3129657,Ibiracatu,31,MG,Minas Gerais,Sudeste,2020,47776000,5369,8898.4913391693044,1174000,3109000,1750000,12496000,29247000
3129707,Ibiraci,31,MG,Minas Gerais,Sudeste,2020,682887000,13986,48826.469326469327,24527000,134102000,328179000,129060000,67019000
3129806,Ibirité,31,MG,Minas Gerais,Sudeste,2020,2623167000,182153,14400.899244042097,229947000,2344000,726359000,886883000,777634000
3129905,Ibitiúra de Minas,31,MG,Minas Gerais,Sudeste,2020,56303000,3492,16123.424971363116,3420000,9284000,3273000,20769000,19558000
3130002,Ibituruna,31,MG,Minas Gerais,Sudeste,2020,49508000,2996,16524.699599465956,2082000,12946000,1945000,14477000,18058000
3130051,Icaraí de Minas,31,MG,Minas Gerais,Sudeste,2020,96798000,12097,8001.818632718856,2820000,18662000,3883000,21170000,50264000
3130101,Igarapé,31,MG,Minas Gerais,Sudeste,2020,912915000,43817,20834.721683364904,86636000,72068000,177114000,376352000,200746000
3130200,Igaratinga,31,MG,Minas Gerais,Sudeste,2020,552242000,11005,50181.0086324398,70374000,41571000,228060000,159928000,52308000
3130309,Iguatama,31,MG,Minas Gerais,Sudeste,2020,401761000,7923,50708.191341663514,59205000,51919000,151092000,100274000,39270000
3130408,Ijaci,31,MG,Minas Gerais,Sudeste,2020,398414000,6610,60274.432677760968,66303000,11405000,205663000,77221000,37822000
3130507,Ilicínea,31,MG,Minas Gerais,Sudeste,2020,203453000,12444,16349.48569591771,12075000,47856000,9888000,76750000,56884000
3130556,Imbé de Minas,31,MG,Minas Gerais,Sudeste,2020,78814000,6940,11356.484149855907,2244000,21483000,3284000,18549000,33253000
3130606,Inconfidentes,31,MG,Minas Gerais,Sudeste,2020,115045000,7358,15635.362870345203,7535000,22684000,11553000,37490000,35783000
3130655,Indaiabira,31,MG,Minas Gerais,Sudeste,2020,70401000,7339,9592.7238043330162,1838000,15662000,3601000,14687000,34614000
3130705,Indianópolis,31,MG,Minas Gerais,Sudeste,2020,596843000,6951,85864.336066752992,20940000,158018000,293956000,77072000,46857000
3130804,Ingaí,31,MG,Minas Gerais,Sudeste,2020,94150000,2776,33915.706051873196,4672000,39028000,14864000,18442000,17143000
3130903,Inhapim,31,MG,Minas Gerais,Sudeste,2020,365131000,24079,15163.877237426803,21962000,47606000,22173000,169012000,104378000
3131000,Inhaúma,31,MG,Minas Gerais,Sudeste,2020,121536000,6312,19254.752851711026,9985000,17498000,20091000,39793000,34168000
3131109,Inimutaba,31,MG,Minas Gerais,Sudeste,2020,80618000,7560,10663.756613756614,4614000,8438000,6073000,25874000,35621000
3131158,Ipaba,31,MG,Minas Gerais,Sudeste,2020,178580000,18769,9514.6251798177855,8995000,10179000,10126000,67758000,81521000
3131208,Ipanema,31,MG,Minas Gerais,Sudeste,2020,287488000,20000,14374.4,22397000,21771000,15743000,138165000,89412000
3131307,Ipatinga,31,MG,Minas Gerais,Sudeste,2020,11147694000,265409,42001.944169187933,1186090000,1550000,4444085000,4313431000,1202538000
3131406,Ipiaçu,31,MG,Minas Gerais,Sudeste,2020,141817000,4225,33566.153846153844,4451000,70971000,6491000,32768000,27136000
3131505,Ipuiúna,31,MG,Minas Gerais,Sudeste,2020,172564000,10118,17055.149238980037,11750000,28486000,10783000,75530000,46015000
3131604,Iraí de Minas,31,MG,Minas Gerais,Sudeste,2020,211050000,7027,30034.1539775153,13612000,70249000,19882000,68967000,38340000
3131703,Itabira,31,MG,Minas Gerais,Sudeste,2020,6790477000,120904,56164.204658241251,348056000,21663000,3640547000,2212315000,567895000
3131802,Itabirinha,31,MG,Minas Gerais,Sudeste,2020,138673000,11576,11979.35383552177,7029000,7261000,19302000,53736000,51344000
3131901,Itabirito,31,MG,Minas Gerais,Sudeste,2020,6653272000,52446,126859.47450711207,366314000,6582000,4099815000,1791085000,389475000
3132008,Itacambira,31,MG,Minas Gerais,Sudeste,2020,67455000,5417,12452.46446372531,3588000,22048000,1211000,13520000,27088000
3132107,Itacarambi,31,MG,Minas Gerais,Sudeste,2020,206262000,18164,11355.538427659107,13856000,18245000,15772000,73926000,84463000
3132206,Itaguara,31,MG,Minas Gerais,Sudeste,2020,341135000,13435,25391.514700409378,33280000,24272000,62238000,155935000,65411000
3132305,Itaipé,31,MG,Minas Gerais,Sudeste,2020,105222000,12836,8197.4135244624485,3945000,8499000,2461000,34066000,56251000
3132404,Itajubá,31,MG,Minas Gerais,Sudeste,2020,3290803000,97334,33809.388291861018,523324000,12890000,887998000,1450483000,416109000
3132503,Itamarandiba,31,MG,Minas Gerais,Sudeste,2020,596094000,34936,17062.457064346232,26984000,218182000,38497000,171226000,141205000
3132602,Itamarati de Minas,31,MG,Minas Gerais,Sudeste,2020,62437000,4375,14271.314285714287,2649000,14743000,2814000,17723000,24509000
3132701,Itambacuri,31,MG,Minas Gerais,Sudeste,2020,312126000,23209,13448.489809987504,21250000,33616000,28791000,132038000,96431000
3132800,Itambé do Mato Dentro,31,MG,Minas Gerais,Sudeste,2020,31616000,2056,15377.431906614785,1243000,5239000,799000,9636000,14698000
3132909,Itamogi,31,MG,Minas Gerais,Sudeste,2020,211124000,10157,20786.058875652259,12937000,61486000,8808000,77700000,50192000
3133006,Itamonte,31,MG,Minas Gerais,Sudeste,2020,1024297000,15714,65183.721522209496,182249000,17133000,487963000,265756000,71197000
3133105,Itanhandu,31,MG,Minas Gerais,Sudeste,2020,434257000,15423,28156.45464565908,23812000,156971000,41540000,139414000,72521000
3133204,Itanhomi,31,MG,Minas Gerais,Sudeste,2020,140116000,12244,11443.645867363606,5992000,12475000,10452000,55522000,55675000
3133303,Itaobim,31,MG,Minas Gerais,Sudeste,2020,276090000,21029,13129.012316325076,22701000,6958000,14074000,141777000,90581000
3133402,Itapagipe,31,MG,Minas Gerais,Sudeste,2020,475730000,15379,30933.740815397621,40689000,115670000,104581000,143860000,70931000
3133501,Itapecerica,31,MG,Minas Gerais,Sudeste,2020,518656000,21761,23834.198796011213,41212000,71518000,109656000,202462000,93808000
3133600,Itapeva,31,MG,Minas Gerais,Sudeste,2020,682693000,9881,69091.488715717031,128519000,8424000,34336000,460295000,51119000
3133709,Itatiaiuçu,31,MG,Minas Gerais,Sudeste,2020,1855351000,11252,164890.77497333806,91718000,28022000,1230519000,434641000,70450000
3133758,Itaú de Minas,31,MG,Minas Gerais,Sudeste,2020,632634000,16199,39053.892215568863,73433000,20140000,281538000,174980000,82544000
3133808,Itaúna,31,MG,Minas Gerais,Sudeste,2020,3707354000,93847,39504.235617547711,564503000,35011000,1270208000,1402446000,435187000
3133907,Itaverava,31,MG,Minas Gerais,Sudeste,2020,61250000,5369,11408.083441981747,2751000,7480000,4917000,19444000,26657000
3134004,Itinga,31,MG,Minas Gerais,Sudeste,2020,126088000,15022,8393.5561176940482,6936000,11550000,9724000,35908000,61971000
3134103,Itueta,31,MG,Minas Gerais,Sudeste,2020,89290000,6063,14727.032822035297,5903000,20326000,4694000,27448000,30919000
3134202,Ituiutaba,31,MG,Minas Gerais,Sudeste,2020,3587217000,105255,34081.202793216471,379445000,282735000,942165000,1526914000,455957000
3134301,Itumirim,31,MG,Minas Gerais,Sudeste,2020,78960000,6000,13160,2621000,20500000,3278000,22687000,29873000
3134400,Iturama,31,MG,Minas Gerais,Sudeste,2020,2298964000,39690,57923.003275384224,164139000,130503000,1157731000,647624000,198967000
3134509,Itutinga,31,MG,Minas Gerais,Sudeste,2020,145981000,3768,38742.303609341827,5449000,39483000,46241000,32142000,22667000
3134608,Jaboticatubas,31,MG,Minas Gerais,Sudeste,2020,264838000,20418,12970.810069546478,16511000,15899000,16187000,128620000,87620000
3134707,Jacinto,31,MG,Minas Gerais,Sudeste,2020,125543000,12323,10187.69780086018,4174000,13022000,5556000,42468000,60322000
3134806,Jacuí,31,MG,Minas Gerais,Sudeste,2020,131781000,7691,17134.442855285397,6016000,38426000,5975000,44355000,37010000
3134905,Jacutinga,31,MG,Minas Gerais,Sudeste,2020,1032174000,26264,39299.954310082241,181474000,35795000,285765000,397437000,131703000
3135001,Jaguaraçu,31,MG,Minas Gerais,Sudeste,2020,107820000,3142,34315.722469764478,10527000,2333000,39741000,35395000,19823000
3135050,Jaíba,31,MG,Minas Gerais,Sudeste,2020,635321000,39388,16129.811109982737,49286000,157603000,65982000,194506000,167944000
3135076,Jampruca,31,MG,Minas Gerais,Sudeste,2020,66473000,5429,12244.059679498987,1793000,21155000,3098000,13605000,26821000
3135100,Janaúba,31,MG,Minas Gerais,Sudeste,2020,1175372000,72018,16320.53097836652,123875000,47157000,82152000,614281000,307907000
3135209,Januária,31,MG,Minas Gerais,Sudeste,2020,808906000,67852,11921.623533573071,57795000,46630000,39836000,388831000,275815000
3135308,Japaraíba,31,MG,Minas Gerais,Sudeste,2020,81812000,4384,18661.496350364963,3945000,24408000,4183000,24881000,24395000
3135357,Japonvar,31,MG,Minas Gerais,Sudeste,2020,70908000,7982,8883.4878476572285,3292000,5150000,2807000,22368000,37292000
3135407,Jeceaba,31,MG,Minas Gerais,Sudeste,2020,1243189000,4852,256221.97032151691,179895000,9027000,735237000,258598000,60432000
3135456,Jenipapo de Minas,31,MG,Minas Gerais,Sudeste,2020,76832000,7738,9929.1806668389763,5282000,14371000,1739000,20220000,35221000
3135506,Jequeri,31,MG,Minas Gerais,Sudeste,2020,181484000,12315,14736.825010150224,8703000,50632000,9311000,55722000,57116000
3135605,Jequitaí,31,MG,Minas Gerais,Sudeste,2020,119612000,7468,16016.604177825388,8113000,23964000,19066000,32803000,35666000
3135704,Jequitibá,31,MG,Minas Gerais,Sudeste,2020,111183000,5207,21352.602266180143,5668000,37314000,7435000,33283000,27483000
3135803,Jequitinhonha,31,MG,Minas Gerais,Sudeste,2020,254693000,25474,9998.1549815498147,13258000,20555000,11645000,102904000,106332000
3135902,Jesuânia,31,MG,Minas Gerais,Sudeste,2020,81403000,4780,17029.916317991632,3479000,28087000,2454000,23646000,23736000
3136009,Joaíma,31,MG,Minas Gerais,Sudeste,2020,160121000,15455,10360.465868650923,7381000,18979000,9794000,52814000,71154000
3136108,Joanésia,31,MG,Minas Gerais,Sudeste,2020,106658000,4476,23828.865058087576,1692000,5457000,58700000,15946000,24862000
3136207,João Monlevade,31,MG,Minas Gerais,Sudeste,2020,3335338000,80416,41476.049542379624,371925000,3293000,1276926000,1296070000,387125000
3136306,João Pinheiro,31,MG,Minas Gerais,Sudeste,2020,1847946000,47726,38719.901102124626,162718000,451090000,399877000,604241000,230020000
3136405,Joaquim Felício,31,MG,Minas Gerais,Sudeste,2020,66763000,4727,14123.75713983499,4675000,16559000,3589000,15288000,26652000
3136504,Jordânia,31,MG,Minas Gerais,Sudeste,2020,95083000,10842,8769.8764065670548,3532000,11849000,3362000,30087000,46253000
3136520,José Gonçalves de Minas,31,MG,Minas Gerais,Sudeste,2020,47696000,4487,10629.819478493426,1269000,9865000,1118000,11571000,23874000
3136553,José Raydan,31,MG,Minas Gerais,Sudeste,2020,70231000,5050,13907.128712871287,4532000,8462000,11181000,19642000,26413000
3136579,Josenópolis,31,MG,Minas Gerais,Sudeste,2020,49410000,4889,10106.361219063203,1083000,10782000,1063000,10243000,26239000
3136603,Nova União,31,MG,Minas Gerais,Sudeste,2020,92560000,5732,16147.941381716679,6496000,15675000,9529000,32680000,28180000
3136652,Juatuba,31,MG,Minas Gerais,Sudeste,2020,1323607000,27392,48320.933119158879,219148000,3407000,549773000,396110000,155169000
3136702,Juiz de Fora,31,MG,Minas Gerais,Sudeste,2020,16868840000,573285,29424.875934308417,2266115000,44773000,2360967000,9725672000,2471313000
3136801,Juramento,31,MG,Minas Gerais,Sudeste,2020,45722000,4345,10522.899884925202,1690000,7336000,2193000,11772000,22731000
3136900,Juruaia,31,MG,Minas Gerais,Sudeste,2020,197058000,10681,18449.396123958431,12063000,42330000,28630000,64954000,49081000
3136959,Juvenília,31,MG,Minas Gerais,Sudeste,2020,58277000,5715,10197.200349956256,1665000,8888000,2543000,15106000,30076000
3137007,Ladainha,31,MG,Minas Gerais,Sudeste,2020,132925000,18193,7306.381575331171,3257000,19011000,2716000,33569000,74373000
3137106,Lagamar,31,MG,Minas Gerais,Sudeste,2020,190828000,7600,25108.947368421053,8971000,81415000,16136000,48783000,35523000
3137205,Lagoa da Prata,31,MG,Minas Gerais,Sudeste,2020,1937362000,52711,36754.415586879397,233732000,45066000,630781000,802393000,225390000
3137304,Lagoa dos Patos,31,MG,Minas Gerais,Sudeste,2020,52922000,4082,12964.723174914257,1372000,12582000,2126000,12590000,24252000
3137403,Lagoa Dourada,31,MG,Minas Gerais,Sudeste,2020,268098000,13063,20523.463216718977,15389000,86764000,10537000,93068000,62339000
3137502,Lagoa Formosa,31,MG,Minas Gerais,Sudeste,2020,499600000,18111,27585.445309480427,28332000,178721000,61304000,148651000,82591000
3137536,Lagoa Grande,31,MG,Minas Gerais,Sudeste,2020,230476000,9608,23987.926727726895,18952000,74538000,15764000,74396000,46825000
3137601,Lagoa Santa,31,MG,Minas Gerais,Sudeste,2020,1867108000,65657,28437.302953226616,291470000,4163000,350771000,903061000,317643000
3137700,Lajinha,31,MG,Minas Gerais,Sudeste,2020,374175000,19918,18785.77166382167,37311000,66915000,16226000,160639000,93083000
3137809,Lambari,31,MG,Minas Gerais,Sudeste,2020,357331000,20907,17091.452623523222,29967000,29346000,37132000,168173000,92712000
3137908,Lamim,31,MG,Minas Gerais,Sudeste,2020,45144000,3379,13360.16572950577,1936000,7275000,2425000,14303000,19205000
3138005,Laranjal,31,MG,Minas Gerais,Sudeste,2020,87396000,6833,12790.282452802576,3587000,15688000,6388000,28341000,33392000
3138104,Lassance,31,MG,Minas Gerais,Sudeste,2020,152915000,6503,23514.531754574811,7480000,73394000,4340000,30413000,37288000
3138203,Lavras,31,MG,Minas Gerais,Sudeste,2020,2678273000,104783,25560.186289760743,312535000,102313000,410642000,1390132000,462651000
3138302,Leandro Ferreira,31,MG,Minas Gerais,Sudeste,2020,47776000,3226,14809.671419714818,1559000,12321000,3060000,12989000,17848000
3138351,Leme do Prado,31,MG,Minas Gerais,Sudeste,2020,62611000,4920,12725.813008130081,2605000,10907000,2391000,19262000,27446000
3138401,Leopoldina,31,MG,Minas Gerais,Sudeste,2020,1016712000,52640,19314.437689969604,93682000,59025000,82345000,556711000,224949000
3138500,Liberdade,31,MG,Minas Gerais,Sudeste,2020,93046000,5031,18494.533889882729,4351000,27173000,3799000,32627000,25096000
3138609,Lima Duarte,31,MG,Minas Gerais,Sudeste,2020,290326000,16724,17359.842143027985,19501000,45517000,23104000,128352000,73851000
3138625,Limeira do Oeste,31,MG,Minas Gerais,Sudeste,2020,394816000,7589,52024.772697325076,38783000,111868000,89158000,108070000,46937000
3138658,Lontra,31,MG,Minas Gerais,Sudeste,2020,82319000,9714,8474.2639489396752,3310000,2798000,3244000,27252000,45715000
3138674,Luisburgo,31,MG,Minas Gerais,Sudeste,2020,100835000,6258,16112.975391498881,3031000,42283000,3450000,20786000,31285000
3138682,Luislândia,31,MG,Minas Gerais,Sudeste,2020,58724000,6718,8741.2920512057153,2367000,5429000,1891000,17827000,31211000
3138708,Luminárias,31,MG,Minas Gerais,Sudeste,2020,109076000,5438,20058.109599117324,4230000,41912000,7641000,28846000,26447000
3138807,Luz,31,MG,Minas Gerais,Sudeste,2020,564571000,18257,30923.536177904367,51557000,103390000,63464000,259383000,86777000
3138906,Machacalis,31,MG,Minas Gerais,Sudeste,2020,104428000,7111,14685.416959639995,6679000,12184000,16878000,34919000,33767000
3139003,Machado,31,MG,Minas Gerais,Sudeste,2020,1122219000,42413,26459.316718930517,112475000,144649000,201834000,475446000,187816000
3139102,Madre de Deus de Minas,31,MG,Minas Gerais,Sudeste,2020,245410000,5109,48034.840477588572,9297000,129687000,29917000,49438000,27070000
3139201,Malacacheta,31,MG,Minas Gerais,Sudeste,2020,224565000,18602,12072.089022685732,13322000,19828000,25334000,87020000,79062000
3139250,Mamonas,31,MG,Minas Gerais,Sudeste,2020,54124000,6554,8258.1629539212699,1973000,3609000,2257000,15396000,30889000
3139300,Manga,31,MG,Minas Gerais,Sudeste,2020,225420000,18226,12368.045649072754,12593000,31059000,10835000,87500000,83433000
3139409,Manhuaçu,31,MG,Minas Gerais,Sudeste,2020,2983727000,91169,32727.429279689368,336926000,140005000,724680000,1374317000,407799000
3139508,Manhumirim,31,MG,Minas Gerais,Sudeste,2020,525727000,22802,23056.179282519079,77243000,29077000,13355000,304544000,101509000
3139607,Mantena,31,MG,Minas Gerais,Sudeste,2020,418431000,27647,15134.770499511702,26731000,23750000,24563000,217281000,126106000
3139706,Maravilhas,31,MG,Minas Gerais,Sudeste,2020,194322000,8046,24151.379567486951,19306000,16949000,62431000,58844000,36792000
3139805,Mar de Espanha,31,MG,Minas Gerais,Sudeste,2020,205457000,12901,15925.66467715681,14647000,16508000,38618000,83145000,52539000
3139904,Maria da Fé,31,MG,Minas Gerais,Sudeste,2020,186579000,14056,13273.975526465567,13162000,14974000,11491000,81563000,65388000
3140001,Mariana,31,MG,Minas Gerais,Sudeste,2020,3266048000,61288,53290.170995953529,181914000,17166000,1696025000,994706000,376236000
3140100,Marilac,31,MG,Minas Gerais,Sudeste,2020,54837000,4097,13384.671711008055,1849000,8781000,2329000,16374000,25505000
3140159,Mário Campos,31,MG,Minas Gerais,Sudeste,2020,179027000,15619,11462.129457711761,11674000,12699000,12452000,75919000,66284000
3140209,Maripá de Minas,31,MG,Minas Gerais,Sudeste,2020,72435000,2987,24250.08369601607,5738000,8829000,16131000,23173000,18565000
3140308,Marliéria,31,MG,Minas Gerais,Sudeste,2020,48545000,4034,12033.961328705998,1737000,4840000,2683000,15219000,24066000
3140407,Marmelópolis,31,MG,Minas Gerais,Sudeste,2020,40022000,2728,14670.821114369501,1132000,9581000,1040000,11434000,16835000
3140506,Martinho Campos,31,MG,Minas Gerais,Sudeste,2020,377981000,13443,28117.310124228225,31584000,97904000,51080000,139359000,58054000
3140530,Martins Soares,31,MG,Minas Gerais,Sudeste,2020,253675000,8531,29735.669909740944,35067000,20532000,61885000,96714000,39477000
3140555,Mata Verde,31,MG,Minas Gerais,Sudeste,2020,72710000,8644,8411.614993058769,2102000,4797000,5400000,22022000,38389000
3140605,Materlândia,31,MG,Minas Gerais,Sudeste,2020,54181000,4436,12213.931469792606,1849000,13594000,1948000,14121000,22669000
3140704,Mateus Leme,31,MG,Minas Gerais,Sudeste,2020,670786000,31364,21387.131743400078,74691000,24567000,143738000,281626000,146165000
3140803,Matias Barbosa,31,MG,Minas Gerais,Sudeste,2020,536457000,14548,36874.965631014573,116256000,3536000,112837000,230535000,73292000
3140852,Matias Cardoso,31,MG,Minas Gerais,Sudeste,2020,138546000,11260,12304.262877442274,5540000,45012000,6489000,26862000,54642000
3140902,Matipó,31,MG,Minas Gerais,Sudeste,2020,418748000,19005,22033.570113128124,55350000,31707000,19796000,231151000,80744000
3141009,Mato Verde,31,MG,Minas Gerais,Sudeste,2020,148113000,12412,11933.048662584595,6604000,9102000,11516000,66939000,53951000
3141108,Matozinhos,31,MG,Minas Gerais,Sudeste,2020,1158723000,38151,30372.021703231894,145968000,10779000,463015000,368964000,169997000
3141207,Matutina,31,MG,Minas Gerais,Sudeste,2020,86957000,3741,23244.319700614808,4723000,24882000,14245000,21381000,21726000
3141306,Medeiros,31,MG,Minas Gerais,Sudeste,2020,178514000,3832,46585.073068893529,5488000,108381000,8042000,33735000,22869000
3141405,Medina,31,MG,Minas Gerais,Sudeste,2020,228187000,20759,10992.196155884194,13426000,12242000,18157000,99828000,84534000
3141504,Mendes Pimentel,31,MG,Minas Gerais,Sudeste,2020,73006000,6446,11325.78343158548,3300000,7965000,7312000,24674000,29755000
3141603,Mercês,31,MG,Minas Gerais,Sudeste,2020,136007000,10758,12642.405651608105,8698000,15773000,12823000,53622000,45091000
3141702,Mesquita,31,MG,Minas Gerais,Sudeste,2020,51894000,5546,9357.0140641904072,1673000,6143000,1402000,16808000,25867000
3141801,Minas Novas,31,MG,Minas Gerais,Sudeste,2020,334348000,31497,10615.233196812394,10346000,85009000,13182000,94887000,130924000
3141900,Minduri,31,MG,Minas Gerais,Sudeste,2020,123716000,3893,31779.090675571537,5828000,46222000,21692000,30154000,19820000
3142007,Mirabela,31,MG,Minas Gerais,Sudeste,2020,155501000,13620,11417.107195301029,9880000,12217000,6596000,61830000,64978000
3142106,Miradouro,31,MG,Minas Gerais,Sudeste,2020,143892000,10787,13339.390006489293,8494000,22740000,5732000,58040000,48887000
3142205,Miraí,31,MG,Minas Gerais,Sudeste,2020,257394000,15111,17033.551717292037,22866000,10724000,72406000,89447000,61951000
3142254,Miravânia,31,MG,Minas Gerais,Sudeste,2020,40537000,4914,8249.2877492877487,1159000,3089000,1186000,10561000,24543000
3142304,Moeda,31,MG,Minas Gerais,Sudeste,2020,70169000,4934,14221.524118362384,5090000,3098000,5378000,31176000,25427000
3142403,Moema,31,MG,Minas Gerais,Sudeste,2020,123357000,7554,16330.023828435265,8578000,16452000,6289000,55806000,36232000
3142502,Monjolos,31,MG,Minas Gerais,Sudeste,2020,38657000,2202,17555.40417801998,1424000,5758000,7618000,9353000,14505000
3142601,Monsenhor Paulo,31,MG,Minas Gerais,Sudeste,2020,191964000,8727,21996.562392574768,14662000,37686000,34127000,67207000,38281000
3142700,Montalvânia,31,MG,Minas Gerais,Sudeste,2020,142737000,14747,9679.0533667864656,6550000,14474000,6489000,52425000,62799000
3142809,Monte Alegre de Minas,31,MG,Minas Gerais,Sudeste,2020,612732000,21236,28853.45639480128,32584000,255632000,30070000,196668000,97778000
3142908,Monte Azul,31,MG,Minas Gerais,Sudeste,2020,229874000,20696,11107.170467723232,12274000,16100000,10995000,100271000,90234000
3143005,Monte Belo,31,MG,Minas Gerais,Sudeste,2020,322075000,13152,24488.670924574209,36637000,44553000,57828000,120942000,62115000
3143104,Monte Carmelo,31,MG,Minas Gerais,Sudeste,2020,1276188000,47931,26625.524191024597,116115000,231359000,75467000,630643000,222604000
3143153,Monte Formoso,31,MG,Minas Gerais,Sudeste,2020,40736000,4923,8274.6292910826724,1313000,3742000,1206000,10152000,24322000
3143203,Monte Santo de Minas,31,MG,Minas Gerais,Sudeste,2020,448747000,21513,20859.340863663831,26756000,84380000,46400000,192484000,98728000
3143302,Montes Claros,31,MG,Minas Gerais,Sudeste,2020,9686454000,413487,23426.260075891139,1056789000,135333000,1814514000,4948382000,1731437000
3143401,Monte Sião,31,MG,Minas Gerais,Sudeste,2020,482997000,24029,20100.586790960922,45803000,29216000,54704000,238575000,114700000
3143450,Montezuma,31,MG,Minas Gerais,Sudeste,2020,85893000,8315,10329.885748647024,1962000,23210000,2253000,18516000,39952000
3143500,Morada Nova de Minas,31,MG,Minas Gerais,Sudeste,2020,404513000,8910,45399.887766554435,15216000,228310000,24263000,83611000,53113000
3143609,Morro da Garça,31,MG,Minas Gerais,Sudeste,2020,56439000,2437,23159.212146081249,2876000,16528000,1894000,15687000,19453000
3143708,Morro do Pilar,31,MG,Minas Gerais,Sudeste,2020,40249000,3153,12765.302886140184,1252000,5221000,1385000,12114000,20277000
3143807,Munhoz,31,MG,Minas Gerais,Sudeste,2020,105132000,5994,17539.539539539539,7343000,12284000,11749000,43193000,30562000
3143906,Muriaé,31,MG,Minas Gerais,Sudeste,2020,2433394000,109392,22244.716249817171,212927000,44133000,228382000,1425458000,522494000
3144003,Mutum,31,MG,Minas Gerais,Sudeste,2020,480278000,26961,17813.80512592263,36306000,85232000,85892000,158767000,114081000
3144102,Muzambinho,31,MG,Minas Gerais,Sudeste,2020,482405000,20545,23480.408858603067,37433000,59432000,70817000,220213000,94510000
3144201,Nacip Raydan,31,MG,Minas Gerais,Sudeste,2020,32860000,3220,10204.968944099379,847000,4860000,1104000,8598000,17451000
3144300,Nanuque,31,MG,Minas Gerais,Sudeste,2020,851285000,40665,20934.095659658182,80428000,41454000,170196000,398076000,161131000
3144359,Naque,31,MG,Minas Gerais,Sudeste,2020,83352000,7051,11821.301942986811,4647000,3744000,4544000,35504000,34912000
3144375,Natalândia,31,MG,Minas Gerais,Sudeste,2020,61270000,3308,18521.765417170496,3549000,10004000,3637000,23086000,20994000
3144409,Natércia,31,MG,Minas Gerais,Sudeste,2020,84977000,4728,17973.138747884939,5576000,20708000,4075000,30104000,24514000
3144508,Nazareno,31,MG,Minas Gerais,Sudeste,2020,408958000,8660,47223.787528868357,23545000,50568000,190739000,100541000,43565000
3144607,Nepomuceno,31,MG,Minas Gerais,Sudeste,2020,538887000,26826,20088.235294117647,37706000,135440000,24959000,220829000,119952000
3144656,Ninheira,31,MG,Minas Gerais,Sudeste,2020,102397000,10326,9916.4245593647101,3898000,19360000,4668000,24006000,50465000
3144672,Nova Belém,31,MG,Minas Gerais,Sudeste,2020,63211000,3128,20208.12020460358,3024000,23238000,1935000,15967000,19047000
3144706,Nova Era,31,MG,Minas Gerais,Sudeste,2020,387599000,17551,22084.154749017151,34935000,14655000,73019000,178689000,86302000
3144805,Nova Lima,31,MG,Minas Gerais,Sudeste,2020,12211282000,96157,126993.16742410848,1093465000,2078000,6530443000,3887094000,698203000
3144904,Nova Módica,31,MG,Minas Gerais,Sudeste,2020,51476000,3573,14406.940945983768,1593000,9847000,2882000,14757000,22398000
3145000,Nova Ponte,31,MG,Minas Gerais,Sudeste,2020,1248531000,15800,79020.9493670886,35473000,266019000,653184000,204361000,89495000
3145059,Nova Porteirinha,31,MG,Minas Gerais,Sudeste,2020,108650000,7497,14492.463652127517,4014000,22751000,7490000,37454000,36941000
3145109,Nova Resende,31,MG,Minas Gerais,Sudeste,2020,297806000,16832,17692.846958174905,17293000,87068000,16119000,104810000,72515000
3145208,Nova Serrana,31,MG,Minas Gerais,Sudeste,2020,2399504000,105520,22739.802880970434,236531000,11670000,699813000,986408000,465081000
3145307,Novo Cruzeiro,31,MG,Minas Gerais,Sudeste,2020,295142000,31335,9418.9245252912078,18191000,24462000,13361000,109767000,129360000
3145356,Novo Oriente de Minas,31,MG,Minas Gerais,Sudeste,2020,118208000,10778,10967.526442753757,6068000,16207000,9976000,36394000,49563000
3145372,Novorizonte,31,MG,Minas Gerais,Sudeste,2020,59253000,5324,11129.413974455298,7469000,2274000,6344000,16675000,26492000
3145406,Olaria,31,MG,Minas Gerais,Sudeste,2020,29185000,1720,16968.023255813954,714000,4819000,889000,8049000,14714000
3145455,Olhos-d'Água,31,MG,Minas Gerais,Sudeste,2020,216922000,6171,35151.83924809593,5244000,149236000,4844000,23459000,34138000
3145505,Olímpio Noronha,31,MG,Minas Gerais,Sudeste,2020,41033000,2809,14607.689569241724,1899000,5981000,2055000,13747000,17350000
3145604,Oliveira,31,MG,Minas Gerais,Sudeste,2020,910246000,41840,21755.401529636711,80692000,73500000,132991000,448637000,174426000
3145703,Oliveira Fortes,31,MG,Minas Gerais,Sudeste,2020,34746000,2130,16312.676056338029,932000,10876000,1221000,8122000,13594000
3145802,Onça de Pitangui,31,MG,Minas Gerais,Sudeste,2020,63060000,3152,20006.345177664974,2645000,23869000,2580000,13877000,20088000
3145851,Oratórios,31,MG,Minas Gerais,Sudeste,2020,61672000,4663,13225.820287368646,2822000,9980000,4239000,19128000,25504000
3145877,Orizânia,31,MG,Minas Gerais,Sudeste,2020,90013000,8079,11141.601683376655,2653000,22503000,3834000,22140000,38883000
3145901,Ouro Branco,31,MG,Minas Gerais,Sudeste,2020,4576805000,39867,114801.84112172975,955801000,7231000,2385029000,1018476000,210268000
3146008,Ouro Fino,31,MG,Minas Gerais,Sudeste,2020,825038000,33791,24415.909561717617,98253000,56929000,129866000,395565000,144425000
3146107,Ouro Preto,31,MG,Minas Gerais,Sudeste,2020,3751176000,74558,50312.186485688995,279327000,23971000,1676243000,1343735000,427899000
3146206,Ouro Verde de Minas,31,MG,Minas Gerais,Sudeste,2020,59457000,5914,10053.601623266824,1600000,9117000,3378000,16336000,29026000
3146255,Padre Carvalho,31,MG,Minas Gerais,Sudeste,2020,56364000,6423,8775.3386268099021,3148000,836000,1767000,20478000,30134000
3146305,Padre Paraíso,31,MG,Minas Gerais,Sudeste,2020,204132000,20252,10079.597076831918,11875000,6059000,11930000,86018000,88250000
3146404,Paineiras,31,MG,Minas Gerais,Sudeste,2020,71081000,4462,15930.300313760645,3501000,18328000,2683000,22830000,23738000
3146503,Pains,31,MG,Minas Gerais,Sudeste,2020,378733000,8296,45652.483124397302,46342000,25684000,165405000,94199000,47104000
3146552,Pai Pedro,31,MG,Minas Gerais,Sudeste,2020,55048000,6094,9033.1473580571055,1816000,8071000,2047000,12225000,30890000
3146602,Paiva,31,MG,Minas Gerais,Sudeste,2020,25856000,1523,16977.019041365726,857000,4210000,1324000,7546000,11919000
3146701,Palma,31,MG,Minas Gerais,Sudeste,2020,88448000,6611,13378.913931326577,4375000,16107000,3821000,33827000,30318000
3146750,Palmópolis,31,MG,Minas Gerais,Sudeste,2020,57338000,5349,10719.386801271266,1650000,6676000,2365000,18323000,28324000
3146909,Papagaios,31,MG,Minas Gerais,Sudeste,2020,305643000,15800,19344.493670886077,25530000,28268000,69903000,113693000,68249000
3147006,Paracatu,31,MG,Minas Gerais,Sudeste,2020,5560256000,93862,59238.626920372459,342757000,837787000,2217597000,1694702000,467414000
3147105,Pará de Minas,31,MG,Minas Gerais,Sudeste,2020,3384016000,94808,35693.35921019323,478748000,115062000,814424000,1544389000,431393000
3147204,Paraguaçu,31,MG,Minas Gerais,Sudeste,2020,563965000,21605,26103.448275862069,45717000,113393000,109449000,205506000,89900000
3147303,Paraisópolis,31,MG,Minas Gerais,Sudeste,2020,535648000,21221,25241.411809057066,93687000,15290000,99490000,233401000,93780000
3147402,Paraopeba,31,MG,Minas Gerais,Sudeste,2020,779838000,24700,31572.388663967613,64238000,43835000,121605000,435933000,114227000
3147501,Passabém,31,MG,Minas Gerais,Sudeste,2020,21854000,1633,13382.731169626455,817000,2582000,873000,5838000,11745000
3147600,Passa Quatro,31,MG,Minas Gerais,Sudeste,2020,530758000,16393,32377.112182028915,59541000,75003000,140730000,182050000,73434000
3147709,Passa Tempo,31,MG,Minas Gerais,Sudeste,2020,292466000,8057,36299.615241404987,38990000,18382000,113189000,82378000,39527000
3147808,Passa Vinte,31,MG,Minas Gerais,Sudeste,2020,35476000,2031,17467.257508616443,1121000,9468000,904000,8734000,15250000
3147907,Passos,31,MG,Minas Gerais,Sudeste,2020,2618869000,115337,22706.234772882945,247491000,207748000,222778000,1450722000,490130000
3147956,Patis,31,MG,Minas Gerais,Sudeste,2020,51456000,6002,8573.1422859046979,1425000,3882000,2065000,13209000,30876000
3148004,Patos de Minas,31,MG,Minas Gerais,Sudeste,2020,5400256000,153585,35161.350392290915,537827000,445342000,994789000,2703443000,718855000
3148103,Patrocínio,31,MG,Minas Gerais,Sudeste,2020,3290864000,91449,35985.784426292252,330241000,608702000,392430000,1519940000,439552000
3148202,Patrocínio do Muriaé,31,MG,Minas Gerais,Sudeste,2020,117352000,5715,20534.033245844268,10666000,5536000,29242000,42520000,29388000
3148301,Paula Cândido,31,MG,Minas Gerais,Sudeste,2020,115460000,9584,12047.161936560935,6264000,23103000,9532000,36589000,39973000
3148400,Paulistas,31,MG,Minas Gerais,Sudeste,2020,60946000,4812,12665.419783873649,2828000,11752000,6068000,16073000,24225000
3148509,Pavão,31,MG,Minas Gerais,Sudeste,2020,83361000,8419,9901.5322484855678,3021000,15720000,2700000,24586000,37335000
3148608,Peçanha,31,MG,Minas Gerais,Sudeste,2020,223648000,17537,12752.922392655528,9108000,60039000,5927000,71827000,76747000
3148707,Pedra Azul,31,MG,Minas Gerais,Sudeste,2020,322709000,24329,13264.37584775371,18157000,11882000,58140000,127418000,107112000
3148756,Pedra Bonita,31,MG,Minas Gerais,Sudeste,2020,82818000,7128,11618.686868686869,2668000,22537000,2643000,18822000,36149000
3148806,Pedra do Anta,31,MG,Minas Gerais,Sudeste,2020,45838000,3005,15253.910149750416,1709000,9519000,3988000,12074000,18548000
3148905,Pedra do Indaiá,31,MG,Minas Gerais,Sudeste,2020,106669000,3974,26841.721187720181,9448000,29110000,19890000,25131000,23091000
3149002,Pedra Dourada,31,MG,Minas Gerais,Sudeste,2020,36383000,2532,14369.273301737756,1068000,5207000,1103000,10940000,18064000
3149101,Pedralva,31,MG,Minas Gerais,Sudeste,2020,146658000,11146,13157.904180872061,6420000,30985000,8774000,52783000,47697000
3149150,Pedras de Maria da Cruz,31,MG,Minas Gerais,Sudeste,2020,98438000,12212,8060.759908286931,3306000,14423000,3274000,25046000,52389000
3149200,Pedrinópolis,31,MG,Minas Gerais,Sudeste,2020,155258000,3643,42618.171836398571,8670000,71486000,6279000,42035000,26789000
3149309,Pedro Leopoldo,31,MG,Minas Gerais,Sudeste,2020,1652319000,64712,25533.425021634317,193137000,13758000,495892000,647602000,301930000
3149408,Pedro Teixeira,31,MG,Minas Gerais,Sudeste,2020,26454000,1806,14647.840531561462,769000,4220000,697000,7182000,13586000
3149507,Pequeri,31,MG,Minas Gerais,Sudeste,2020,50739000,3330,15236.936936936936,3061000,3518000,6572000,16621000,20967000
3149606,Pequi,31,MG,Minas Gerais,Sudeste,2020,77881000,4432,17572.427797833934,3791000,22256000,6362000,22235000,23237000
3149705,Perdigão,31,MG,Minas Gerais,Sudeste,2020,215103000,11755,18298.851552530839,16768000,13365000,60326000,70494000,54151000
3149804,Perdizes,31,MG,Minas Gerais,Sudeste,2020,1273839000,16321,78049.077875130199,81116000,579385000,235052000,283941000,94346000
3149903,Perdões,31,MG,Minas Gerais,Sudeste,2020,579840000,21485,26988.13125436351,49114000,42758000,146654000,247208000,94106000
3149952,Periquito,31,MG,Minas Gerais,Sudeste,2020,99465000,6773,14685.516019489149,8611000,6405000,9603000,40947000,33899000
3150000,Pescador,31,MG,Minas Gerais,Sudeste,2020,43881000,4256,10310.385338345865,1381000,5413000,1314000,13415000,22359000
3150109,Piau,31,MG,Minas Gerais,Sudeste,2020,71195000,2733,26050.128064398097,2217000,11879000,26983000,13129000,16987000
3150158,Piedade de Caratinga,31,MG,Minas Gerais,Sudeste,2020,113555000,8702,13049.299011721443,6217000,26429000,5713000,37970000,37226000
3150208,Piedade de Ponte Nova,31,MG,Minas Gerais,Sudeste,2020,59320000,4140,14328.502415458937,2860000,12034000,2158000,19202000,23067000
3150307,Piedade do Rio Grande,31,MG,Minas Gerais,Sudeste,2020,91725000,4466,20538.513210927005,3507000,32443000,8418000,24603000,22753000
3150406,Piedade dos Gerais,31,MG,Minas Gerais,Sudeste,2020,81465000,5009,16263.725294469954,4430000,17689000,12071000,21764000,25512000
3150505,Pimenta,31,MG,Minas Gerais,Sudeste,2020,229904000,8688,26462.246777163906,25085000,58934000,6556000,96348000,42981000
3150539,Pingo-d'Água,31,MG,Minas Gerais,Sudeste,2020,46243000,4986,9274.568792619335,1678000,1558000,2387000,15466000,25155000
3150570,Pintópolis,31,MG,Minas Gerais,Sudeste,2020,64995000,7524,8638.3572567783085,2108000,8036000,2205000,17307000,35339000
3150604,Piracema,31,MG,Minas Gerais,Sudeste,2020,249150000,6398,38941.856830259458,7974000,20094000,119836000,69837000,31409000
3150703,Pirajuba,31,MG,Minas Gerais,Sudeste,2020,405558000,6348,63887.523629489602,40938000,75745000,155246000,98716000,34913000
3150802,Piranga,31,MG,Minas Gerais,Sudeste,2020,189502000,17634,10746.399001928094,8300000,32688000,8140000,66754000,73619000
3150901,Piranguçu,31,MG,Minas Gerais,Sudeste,2020,70391000,5488,12826.348396501458,4232000,7149000,12841000,20750000,25419000
3151008,Piranguinho,31,MG,Minas Gerais,Sudeste,2020,125731000,8640,14552.199074074075,8603000,9473000,14288000,54803000,38564000
3151107,Pirapetinga,31,MG,Minas Gerais,Sudeste,2020,529892000,10772,49191.607872261418,113683000,7382000,219864000,133586000,55378000
3151206,Pirapora,31,MG,Minas Gerais,Sudeste,2020,2266060000,56640,40008.121468926554,443647000,52827000,793914000,717350000,258322000
3151305,Piraúba,31,MG,Minas Gerais,Sudeste,2020,185185000,10759,17212.101496421601,13952000,18193000,30832000,72726000,49482000
3151404,Pitangui,31,MG,Minas Gerais,Sudeste,2020,582780000,28215,20654.970760233919,46615000,70690000,74534000,273842000,117099000
3151503,Piumhi,31,MG,Minas Gerais,Sudeste,2020,1047346000,34918,29994.444126238617,99472000,159385000,124043000,498366000,166079000
3151602,Planura,31,MG,Minas Gerais,Sudeste,2020,536439000,12292,43641.311422063132,13640000,93584000,273268000,90901000,65046000
3151701,Poço Fundo,31,MG,Minas Gerais,Sudeste,2020,325613000,16846,19328.802089516797,23585000,64777000,32970000,134027000,70254000
3151800,Poços de Caldas,31,MG,Minas Gerais,Sudeste,2020,7993118000,168641,47397.240291506809,1270269000,55542000,1993014000,3653356000,1020938000
3151909,Pocrane,31,MG,Minas Gerais,Sudeste,2020,103699000,8359,12405.670534752961,7144000,19984000,2723000,36921000,36927000
3152006,Pompéu,31,MG,Minas Gerais,Sudeste,2020,939020000,32035,29312.31465584517,86147000,178042000,165616000,367621000,141595000
3152105,Ponte Nova,31,MG,Minas Gerais,Sudeste,2020,1983799000,59875,33132.342379958245,257040000,45440000,408049000,988301000,284968000
3152131,Ponto Chique,31,MG,Minas Gerais,Sudeste,2020,48110000,4283,11232.780761148728,1675000,4801000,3717000,13908000,24010000
3152170,Ponto dos Volantes,31,MG,Minas Gerais,Sudeste,2020,110105000,12179,9040.5616224648984,6045000,7325000,3247000,37370000,56118000
3152204,Porteirinha,31,MG,Minas Gerais,Sudeste,2020,441025000,37864,11647.607225860977,25880000,63210000,28644000,167613000,155678000
3152303,Porto Firme,31,MG,Minas Gerais,Sudeste,2020,111511000,11348,9826.4892492069084,5516000,15884000,7248000,36076000,46788000
3152402,Poté,31,MG,Minas Gerais,Sudeste,2020,162633000,16616,9787.7347135291293,7405000,15523000,12936000,54941000,71828000
3152501,Pouso Alegre,31,MG,Minas Gerais,Sudeste,2020,8140164000,152549,53360.979095241528,1587841000,86879000,1389910000,4342992000,732543000
3152600,Pouso Alto,31,MG,Minas Gerais,Sudeste,2020,323324000,5900,54800.677966101692,32064000,73918000,96241000,89097000,32003000
3152709,Prados,31,MG,Minas Gerais,Sudeste,2020,206967000,9080,22793.722466960353,14718000,33967000,58840000,60299000,39144000
3152808,Prata,31,MG,Minas Gerais,Sudeste,2020,1135260000,28017,40520.398329585609,89788000,332910000,172551000,402882000,137129000
3152907,Pratápolis,31,MG,Minas Gerais,Sudeste,2020,181787000,8566,21221.923885127246,9312000,45187000,19716000,64838000,42734000
3153004,Pratinha,31,MG,Minas Gerais,Sudeste,2020,123091000,3631,33900.027540622417,10043000,61332000,6026000,23933000,21757000
3153103,Presidente Bernardes,31,MG,Minas Gerais,Sudeste,2020,58459000,5341,10945.328590151657,2136000,10782000,2724000,16454000,26364000
3153202,Presidente Juscelino,31,MG,Minas Gerais,Sudeste,2020,53757000,3606,14907.653910149751,4450000,10164000,7761000,10814000,20567000
3153301,Presidente Kubitschek,31,MG,Minas Gerais,Sudeste,2020,32908000,3001,10965.678107297568,1093000,2078000,853000,9569000,19316000
3153400,Presidente Olegário,31,MG,Minas Gerais,Sudeste,2020,564311000,19627,28751.770520201764,29927000,241903000,34468000,163332000,94683000
3153509,Alto Jequitibá,31,MG,Minas Gerais,Sudeste,2020,111323000,8301,13410.793880255391,5023000,29646000,5835000,35746000,35074000
3153608,Prudente de Morais,31,MG,Minas Gerais,Sudeste,2020,175547000,10834,16203.341332841055,20218000,2680000,31728000,72684000,48236000
3153707,Quartel Geral,31,MG,Minas Gerais,Sudeste,2020,67552000,3584,18848.214285714286,2855000,23228000,2780000,17026000,21663000
3153806,Queluzito,31,MG,Minas Gerais,Sudeste,2020,37865000,1943,19487.905301080802,1215000,10596000,1163000,9998000,14892000
3153905,Raposos,31,MG,Minas Gerais,Sudeste,2020,256068000,16429,15586.341225881064,7379000,337000,97053000,79824000,71475000
3154002,Raul Soares,31,MG,Minas Gerais,Sudeste,2020,360220000,23711,15192.104930201172,24510000,54343000,25652000,157105000,98610000
3154101,Recreio,31,MG,Minas Gerais,Sudeste,2020,110441000,10520,10498.19391634981,5064000,9325000,3062000,43268000,49721000
3154150,Reduto,31,MG,Minas Gerais,Sudeste,2020,106537000,7201,14794.750729065408,3642000,16203000,18049000,35079000,33564000
3154200,Resende Costa,31,MG,Minas Gerais,Sudeste,2020,192618000,11540,16691.334488734836,10761000,42375000,17634000,72779000,49069000
3154309,Resplendor,31,MG,Minas Gerais,Sudeste,2020,251648000,17396,14465.854219360772,15284000,21043000,14015000,118198000,83108000
3154408,Ressaquinha,31,MG,Minas Gerais,Sudeste,2020,278317000,4817,57778.077641685697,30183000,25891000,127682000,66932000,27629000
3154457,Riachinho,31,MG,Minas Gerais,Sudeste,2020,135710000,8134,16684.288173100565,4379000,51329000,4234000,37243000,38526000
3154507,Riacho dos Machados,31,MG,Minas Gerais,Sudeste,2020,445446000,9476,47007.809202195021,21046000,58005000,243379000,77332000,45683000
3154606,Ribeirão das Neves,31,MG,Minas Gerais,Sudeste,2020,4430122000,338197,13099.235061221714,568144000,4024000,523179000,2044057000,1290717000
3154705,Ribeirão Vermelho,31,MG,Minas Gerais,Sudeste,2020,112985000,4047,27918.211020509018,12075000,3888000,5852000,69255000,21915000
3154804,Rio Acima,31,MG,Minas Gerais,Sudeste,2020,242434000,10420,23266.218809980805,9210000,637000,81541000,85433000,65614000
3154903,Rio Casca,31,MG,Minas Gerais,Sudeste,2020,219619000,13473,16300.675424923922,13240000,27149000,11061000,103960000,64211000
3155009,Rio Doce,31,MG,Minas Gerais,Sudeste,2020,49221000,2620,18786.641221374044,4815000,3949000,5724000,13245000,21488000
3155108,Rio do Prado,31,MG,Minas Gerais,Sudeste,2020,50430000,5133,9824.6639392168327,1940000,4556000,1101000,16347000,26486000
3155207,Rio Espera,31,MG,Minas Gerais,Sudeste,2020,53939000,5402,9985.0055534987041,1574000,10867000,1702000,15398000,24398000
3155306,Rio Manso,31,MG,Minas Gerais,Sudeste,2020,102717000,5879,17471.848953903725,7670000,15679000,7957000,42979000,28433000
3155405,Rio Novo,31,MG,Minas Gerais,Sudeste,2020,117072000,8957,13070.447694540582,7005000,8062000,9829000,51675000,40500000
3155504,Rio Paranaíba,31,MG,Minas Gerais,Sudeste,2020,744246000,12335,60336.11674098095,36090000,394810000,43705000,197625000,72016000
3155603,Rio Pardo de Minas,31,MG,Minas Gerais,Sudeste,2020,285388000,31045,9192.720244805927,10513000,51321000,9574000,83447000,130534000
3155702,Rio Piracicaba,31,MG,Minas Gerais,Sudeste,2020,862892000,14332,60207.368127267655,18608000,20742000,535755000,216517000,71270000
3155801,Rio Pomba,31,MG,Minas Gerais,Sudeste,2020,401518000,17959,22357.480928782225,40134000,16536000,82000000,185922000,76927000
3155900,Rio Preto,31,MG,Minas Gerais,Sudeste,2020,69644000,5485,12697.174111212398,3205000,5809000,5807000,27322000,27501000
3156007,Rio Vermelho,31,MG,Minas Gerais,Sudeste,2020,124667000,12739,9786.2469581599817,4775000,23970000,3497000,40078000,52347000
3156106,Ritápolis,31,MG,Minas Gerais,Sudeste,2020,80682000,4562,17685.664182376149,3378000,19697000,11686000,23042000,22880000
3156205,Rochedo de Minas,31,MG,Minas Gerais,Sudeste,2020,110895000,2320,47799.568965517239,11984000,2593000,52144000,28269000,15904000
3156304,Rodeiro,31,MG,Minas Gerais,Sudeste,2020,459425000,8224,55863.934824902724,51227000,40888000,238667000,90599000,38045000
3156403,Romaria,31,MG,Minas Gerais,Sudeste,2020,172484000,3520,49001.13636363636,5546000,98995000,12943000,33214000,21787000
3156452,Rosário da Limeira,31,MG,Minas Gerais,Sudeste,2020,53341000,4622,11540.675032453484,2260000,6108000,2855000,15841000,26278000
3156502,Rubelita,31,MG,Minas Gerais,Sudeste,2020,60984000,5798,10518.109692997585,2008000,8827000,6232000,14666000,29251000
3156601,Rubim,31,MG,Minas Gerais,Sudeste,2020,101725000,10256,9918.5842433697344,3388000,9959000,3691000,34055000,50631000
3156700,Sabará,31,MG,Minas Gerais,Sudeste,2020,3153826000,137125,22999.642661804923,316489000,3003000,961327000,1303177000,569829000
3156809,Sabinópolis,31,MG,Minas Gerais,Sudeste,2020,203336000,15416,13189.932537623248,10392000,41076000,7081000,77444000,67342000
3156908,Sacramento,31,MG,Minas Gerais,Sudeste,2020,1610552000,26374,61065.898233108361,140211000,443452000,293989000,578500000,154400000
3157005,Salinas,31,MG,Minas Gerais,Sudeste,2020,599091000,41699,14367.035180699777,49036000,22072000,54121000,293545000,180318000
3157104,Salto da Divisa,31,MG,Minas Gerais,Sudeste,2020,102254000,7012,14582.715345122648,4176000,11646000,19709000,30559000,36164000
3157203,Santa Bárbara,31,MG,Minas Gerais,Sudeste,2020,1101703000,31604,34859.606378939374,58618000,19031000,491751000,379683000,152619000
3157252,Santa Bárbara do Leste,31,MG,Minas Gerais,Sudeste,2020,97361000,8181,11900.867864564234,4941000,17861000,4283000,33072000,37204000
3157278,Santa Bárbara do Monte Verde,31,MG,Minas Gerais,Sudeste,2020,50959000,3182,16014.770584538026,1340000,18930000,1327000,10762000,18600000
3157302,Santa Bárbara do Tugúrio,31,MG,Minas Gerais,Sudeste,2020,67671000,4407,15355.343771272976,4628000,8617000,2933000,28869000,22624000
3157336,Santa Cruz de Minas,31,MG,Minas Gerais,Sudeste,2020,89344000,8664,10312.096029547552,6007000,66000,6049000,40019000,37203000
3157377,Santa Cruz de Salinas,31,MG,Minas Gerais,Sudeste,2020,44407000,4107,10812.515217920623,2159000,3515000,1100000,14769000,22864000
3157401,Santa Cruz do Escalvado,31,MG,Minas Gerais,Sudeste,2020,58003000,4725,12275.767195767196,2678000,10752000,4836000,13231000,26505000
3157500,Santa Efigênia de Minas,31,MG,Minas Gerais,Sudeste,2020,46524000,4381,10619.49326637754,1355000,6816000,1687000,13718000,22947000
3157609,Santa Fé de Minas,31,MG,Minas Gerais,Sudeste,2020,49233000,3826,12868.008363826451,2062000,11865000,1827000,11566000,21912000
3157658,Santa Helena de Minas,31,MG,Minas Gerais,Sudeste,2020,54360000,6386,8512.3708111493888,1444000,6935000,1155000,14830000,29996000
3157708,Santa Juliana,31,MG,Minas Gerais,Sudeste,2020,698110000,14255,48972.991932655212,61988000,179462000,166077000,220730000,69854000
3157807,Santa Luzia,31,MG,Minas Gerais,Sudeste,2020,4520294000,220444,20505.407268966268,555156000,3537000,1336184000,1712996000,912419000
3157906,Santa Margarida,31,MG,Minas Gerais,Sudeste,2020,305770000,16302,18756.594282910071,10415000,139408000,10880000,77270000,67798000
3158003,Santa Maria de Itabira,31,MG,Minas Gerais,Sudeste,2020,188956000,10857,17404.071106198764,16175000,15341000,23449000,83546000,50444000
3158102,Santa Maria do Salto,31,MG,Minas Gerais,Sudeste,2020,46965000,5217,9002.3001725129379,1346000,3715000,1312000,13748000,26844000
3158201,Santa Maria do Suaçuí,31,MG,Minas Gerais,Sudeste,2020,155365000,14611,10633.426870166313,7187000,16439000,6679000,64137000,60923000
3158300,Santana da Vargem,31,MG,Minas Gerais,Sudeste,2020,158906000,7073,22466.562986003111,10797000,39596000,12837000,60209000,35467000
3158409,Santana de Cataguases,31,MG,Minas Gerais,Sudeste,2020,45787000,3891,11767.411976355692,1640000,5650000,2196000,14340000,21961000
3158508,Santana de Pirapama,31,MG,Minas Gerais,Sudeste,2020,103746000,7589,13670.575833443141,5247000,35562000,5535000,24433000,32968000
3158607,Santana do Deserto,31,MG,Minas Gerais,Sudeste,2020,45029000,3981,11310.977141421754,1644000,3564000,1701000,14889000,23231000
3158706,Santana do Garambéu,31,MG,Minas Gerais,Sudeste,2020,35301000,2476,14257.269789983844,1126000,6900000,826000,9303000,17147000
3158805,Santana do Jacaré,31,MG,Minas Gerais,Sudeste,2020,95789000,4834,19815.680595779893,7117000,8650000,21899000,33536000,24587000
3158904,Santana do Manhuaçu,31,MG,Minas Gerais,Sudeste,2020,141272000,8667,16299.988461982231,8189000,45801000,7353000,42061000,37868000
3158953,Santana do Paraíso,31,MG,Minas Gerais,Sudeste,2020,776863000,35369,21964.516949871355,85736000,5903000,226289000,308428000,150508000
3159001,Santana do Riacho,31,MG,Minas Gerais,Sudeste,2020,89879000,4315,20829.432213209733,6572000,2561000,5727000,50242000,24776000
3159100,Santana dos Montes,31,MG,Minas Gerais,Sudeste,2020,45514000,3765,12088.711819389111,1378000,5466000,2318000,13853000,22499000
3159209,Santa Rita de Caldas,31,MG,Minas Gerais,Sudeste,2020,184442000,8924,20668.086060062753,12395000,41275000,28557000,60429000,41787000
3159308,Santa Rita de Jacutinga,31,MG,Minas Gerais,Sudeste,2020,66998000,4863,13777.092329837549,3207000,10894000,2103000,25516000,25279000
3159357,Santa Rita de Minas,31,MG,Minas Gerais,Sudeste,2020,125125000,7268,17215.877820583381,10598000,11968000,26809000,40710000,35041000
3159407,Santa Rita de Ibitipoca,31,MG,Minas Gerais,Sudeste,2020,63901000,3402,18783.362727807173,4794000,16309000,2287000,19439000,21072000
3159506,Santa Rita do Itueto,31,MG,Minas Gerais,Sudeste,2020,122569000,5457,22460.875939160713,4555000,52977000,10390000,25923000,28724000
3159605,Santa Rita do Sapucaí,31,MG,Minas Gerais,Sudeste,2020,1661271000,43753,37969.304961945469,360224000,49009000,454381000,608209000,189448000
3159704,Santa Rosa da Serra,31,MG,Minas Gerais,Sudeste,2020,74378000,3357,22156.091748585048,2230000,27912000,5106000,17894000,21237000
3159803,Santa Vitória,31,MG,Minas Gerais,Sudeste,2020,696307000,19872,35039.603462157807,53025000,161907000,98521000,231134000,151720000
3159902,Santo Antônio do Amparo,31,MG,Minas Gerais,Sudeste,2020,319587000,18613,17170.096169344008,26480000,57399000,18673000,134993000,82042000
3160009,Santo Antônio do Aventureiro,31,MG,Minas Gerais,Sudeste,2020,55995000,3602,15545.53026096613,1765000,14234000,2667000,17556000,19774000
3160108,Santo Antônio do Grama,31,MG,Minas Gerais,Sudeste,2020,79404000,3886,20433.350488934637,15226000,8536000,12925000,19004000,23713000
3160207,Santo Antônio do Itambé,31,MG,Minas Gerais,Sudeste,2020,43386000,3799,11420.373782574361,1343000,8045000,1265000,10868000,21864000
3160306,Santo Antônio do Jacinto,31,MG,Minas Gerais,Sudeste,2020,101070000,11604,8709.9276111685631,3747000,8622000,4416000,33195000,51091000
3160405,Santo Antônio do Monte,31,MG,Minas Gerais,Sudeste,2020,697245000,28427,24527.561825025503,36904000,247698000,47430000,245612000,119601000
3160454,Santo Antônio do Retiro,31,MG,Minas Gerais,Sudeste,2020,61758000,7297,8463.4781417020695,1811000,4142000,2543000,16562000,36701000
3160504,Santo Antônio do Rio Abaixo,31,MG,Minas Gerais,Sudeste,2020,27933000,1760,15871.022727272728,889000,4011000,711000,8259000,14064000
3160603,Santo Hipólito,31,MG,Minas Gerais,Sudeste,2020,43864000,3065,14311.256117455139,1619000,9693000,1958000,11806000,18787000
3160702,Santos Dumont,31,MG,Minas Gerais,Sudeste,2020,1023161000,46421,22040.908209646495,163829000,16972000,247370000,401342000,193649000
3160801,São Bento Abade,31,MG,Minas Gerais,Sudeste,2020,77968000,5349,14576.182464011965,3108000,21486000,4145000,22534000,26695000
3160900,São Brás do Suaçuí,31,MG,Minas Gerais,Sudeste,2020,69139000,3754,18417.421417155034,4127000,2915000,3258000,32893000,25947000
3160959,São Domingos das Dores,31,MG,Minas Gerais,Sudeste,2020,79077000,5658,13976.139978791092,6375000,10786000,3188000,29194000,29533000
3161007,São Domingos do Prata,31,MG,Minas Gerais,Sudeste,2020,285838000,17327,16496.681479771454,25970000,29518000,31633000,121260000,77457000
3161056,São Félix de Minas,31,MG,Minas Gerais,Sudeste,2020,43034000,3362,12800.118976799524,1658000,4444000,2915000,12860000,21157000
3161106,São Francisco,31,MG,Minas Gerais,Sudeste,2020,585639000,56477,10369.513253182711,33552000,56912000,35981000,232196000,226997000
3161205,São Francisco de Paula,31,MG,Minas Gerais,Sudeste,2020,110715000,6520,16980.828220858897,7523000,22857000,4942000,45220000,30172000
3161304,São Francisco de Sales,31,MG,Minas Gerais,Sudeste,2020,156351000,6274,24920.465412814792,6988000,60784000,8305000,44824000,35451000
3161403,São Francisco do Glória,31,MG,Minas Gerais,Sudeste,2020,67119000,4800,13983.125,3880000,12615000,4171000,21960000,24492000
3161502,São Geraldo,31,MG,Minas Gerais,Sudeste,2020,241994000,12562,19263.970705301705,26084000,13919000,86609000,62264000,53118000
3161601,São Geraldo da Piedade,31,MG,Minas Gerais,Sudeste,2020,40163000,3910,10271.867007672634,1336000,5020000,922000,12457000,20428000
3161650,São Geraldo do Baixio,31,MG,Minas Gerais,Sudeste,2020,48088000,4059,11847.253017984725,1641000,6214000,3071000,14436000,22727000
3161700,São Gonçalo do Abaeté,31,MG,Minas Gerais,Sudeste,2020,258169000,8459,30520.037829530676,19280000,82827000,18889000,97470000,39704000
3161809,São Gonçalo do Pará,31,MG,Minas Gerais,Sudeste,2020,226305000,12597,17964.991664682067,22378000,22883000,50465000,73675000,56904000
3161908,São Gonçalo do Rio Abaixo,31,MG,Minas Gerais,Sudeste,2020,2479097000,11019,224983.84608403666,86704000,10943000,1590268000,608765000,182418000
3162005,São Gonçalo do Sapucaí,31,MG,Minas Gerais,Sudeste,2020,776302000,25561,30370.564531904074,86388000,91215000,144043000,341178000,113478000
3162104,São Gotardo,31,MG,Minas Gerais,Sudeste,2020,982067000,35782,27445.838689844055,103960000,103029000,96164000,518225000,160689000
3162203,São João Batista do Glória,31,MG,Minas Gerais,Sudeste,2020,200729000,7498,26771.005601493733,9801000,73229000,19173000,54177000,44350000
3162252,São João da Lagoa,31,MG,Minas Gerais,Sudeste,2020,54760000,4932,11103.000811030008,2151000,11897000,1397000,13094000,26221000
3162302,São João da Mata,31,MG,Minas Gerais,Sudeste,2020,50204000,2746,18282.592862345231,2133000,13047000,1576000,15551000,17896000
3162401,São João da Ponte,31,MG,Minas Gerais,Sudeste,2020,255429000,25098,10177.265120726752,18399000,26152000,9124000,90920000,110835000
3162450,São João das Missões,31,MG,Minas Gerais,Sudeste,2020,89974000,13125,6855.1619047619051,2979000,5952000,2499000,19968000,58577000
3162500,São João del Rei,31,MG,Minas Gerais,Sudeste,2020,2503100000,90497,27659.480424765461,271958000,187797000,414173000,1240898000,388274000
3162559,São João do Manhuaçu,31,MG,Minas Gerais,Sudeste,2020,151514000,11674,12978.756210382046,8575000,35107000,7329000,51609000,48894000
3162575,São João do Manteninha,31,MG,Minas Gerais,Sudeste,2020,73063000,5918,12345.893883068604,3808000,5834000,8364000,27087000,27971000
3162609,São João do Oriente,31,MG,Minas Gerais,Sudeste,2020,100830000,7444,13545.137023105857,5919000,8661000,17026000,34047000,35177000
3162658,São João do Pacuí,31,MG,Minas Gerais,Sudeste,2020,40138000,4448,9023.830935251799,1038000,5839000,1107000,8849000,23305000
3162708,São João do Paraíso,31,MG,Minas Gerais,Sudeste,2020,252544000,23709,10651.819983972331,12210000,45068000,14790000,78904000,101572000
3162807,São João Evangelista,31,MG,Minas Gerais,Sudeste,2020,219641000,15767,13930.424303925922,14200000,29205000,14660000,96621000,64956000
3162906,São João Nepomuceno,31,MG,Minas Gerais,Sudeste,2020,430489000,26447,16277.422770068439,26785000,15489000,71404000,203181000,113631000
3162922,São Joaquim de Bicas,31,MG,Minas Gerais,Sudeste,2020,707856000,32148,22018.663680477792,93722000,38959000,213186000,211395000,150594000
3162948,São José da Barra,31,MG,Minas Gerais,Sudeste,2020,810302000,7480,108329.14438502674,10560000,57589000,639212000,61824000,41118000
3162955,São José da Lapa,31,MG,Minas Gerais,Sudeste,2020,562225000,24135,23295.007250880462,76673000,8906000,187878000,176427000,112341000
3163003,São José da Safira,31,MG,Minas Gerais,Sudeste,2020,40247000,4280,9403.5046728971956,1758000,2488000,1542000,13428000,21031000
3163102,São José da Varginha,31,MG,Minas Gerais,Sudeste,2020,107046000,5079,21076.196101594804,4813000,52611000,2190000,21622000,25810000
3163201,São José do Alegre,31,MG,Minas Gerais,Sudeste,2020,52082000,4210,12371.021377672208,3053000,5322000,2908000,19664000,21134000
3163300,São José do Divino,31,MG,Minas Gerais,Sudeste,2020,45615000,3856,11829.616182572614,1290000,8175000,1234000,14192000,20724000
3163409,São José do Goiabal,31,MG,Minas Gerais,Sudeste,2020,61151000,5387,11351.587154260256,2066000,9322000,2474000,19102000,28188000
3163508,São José do Jacuri,31,MG,Minas Gerais,Sudeste,2020,95899000,6431,14911.988804229513,5486000,16400000,19348000,23765000,30899000
3163607,São José do Mantimento,31,MG,Minas Gerais,Sudeste,2020,39592000,2806,14109.764789736279,1036000,6978000,1550000,10698000,19331000
3163706,São Lourenço,31,MG,Minas Gerais,Sudeste,2020,1044967000,46202,22617.354227089738,89056000,2157000,70527000,652270000,230958000
3163805,São Miguel do Anta,31,MG,Minas Gerais,Sudeste,2020,94680000,6944,13634.792626728111,4059000,23254000,5774000,26013000,35581000
3163904,São Pedro da União,31,MG,Minas Gerais,Sudeste,2020,109589000,4610,23772.017353579176,5060000,42373000,5305000,31574000,25277000
3164001,São Pedro dos Ferros,31,MG,Minas Gerais,Sudeste,2020,123203000,7706,15987.931481962107,8897000,18502000,18848000,41724000,35232000
3164100,São Pedro do Suaçuí,31,MG,Minas Gerais,Sudeste,2020,78549000,5202,15099.769319492503,5094000,9204000,13228000,25732000,25292000
3164209,São Romão,31,MG,Minas Gerais,Sudeste,2020,168471000,12529,13446.484156756325,7556000,58598000,8513000,39068000,54737000
3164308,São Roque de Minas,31,MG,Minas Gerais,Sudeste,2020,277863000,7076,39268.371961560202,21393000,103414000,35405000,81112000,36539000
3164407,São Sebastião da Bela Vista,31,MG,Minas Gerais,Sudeste,2020,392460000,5552,70688.040345821326,75004000,15258000,67611000,202170000,32417000
3164431,São Sebastião da Vargem Alegre,31,MG,Minas Gerais,Sudeste,2020,53098000,3024,17558.862433862432,1557000,7852000,9610000,14105000,19973000
3164472,São Sebastião do Anta,31,MG,Minas Gerais,Sudeste,2020,82435000,6627,12439.263618530254,3916000,14071000,4292000,27390000,32766000
3164506,São Sebastião do Maranhão,31,MG,Minas Gerais,Sudeste,2020,92984000,9963,9332.9318478369969,3830000,16813000,2967000,27851000,41524000
3164605,São Sebastião do Oeste,31,MG,Minas Gerais,Sudeste,2020,599416000,6863,87340.230220020399,72730000,73421000,274731000,141020000,37515000
3164704,São Sebastião do Paraíso,31,MG,Minas Gerais,Sudeste,2020,2066404000,71445,28923.003709146895,247866000,129740000,389878000,963435000,335484000
3164803,São Sebastião do Rio Preto,31,MG,Minas Gerais,Sudeste,2020,23463000,1492,15725.871313672922,538000,3649000,612000,5860000,12804000
3164902,São Sebastião do Rio Verde,31,MG,Minas Gerais,Sudeste,2020,34649000,2250,15399.555555555555,1360000,4976000,2618000,10922000,14772000
3165008,São Tiago,31,MG,Minas Gerais,Sudeste,2020,206655000,10960,18855.383211678833,13229000,53814000,24818000,67439000,47355000
3165107,São Tomás de Aquino,31,MG,Minas Gerais,Sudeste,2020,166097000,7000,23728.142857142859,7856000,62508000,9573000,49727000,36433000
3165206,São Tomé das Letras,31,MG,Minas Gerais,Sudeste,2020,113354000,7120,15920.505617977527,5690000,26300000,6805000,41611000,32949000
3165305,São Vicente de Minas,31,MG,Minas Gerais,Sudeste,2020,182180000,7815,23311.580294305822,15156000,40197000,30714000,59573000,36540000
3165404,Sapucaí-Mirim,31,MG,Minas Gerais,Sudeste,2020,109550000,6989,15674.631563886107,7054000,11250000,12373000,46617000,32256000
3165503,Sardoá,31,MG,Minas Gerais,Sudeste,2020,64095000,6361,10076.245873290363,2898000,6522000,2770000,21475000,30431000
3165537,Sarzedo,31,MG,Minas Gerais,Sudeste,2020,1168386000,33413,34968.006464549726,125313000,2420000,505568000,367201000,167885000
3165552,Setubinha,31,MG,Minas Gerais,Sudeste,2020,103551000,12378,8365.7295201163361,2694000,28702000,2081000,21574000,48499000
3165560,Sem-Peixe,31,MG,Minas Gerais,Sudeste,2020,33584000,2606,12887.183422870299,1082000,5754000,2488000,8961000,15299000
3165578,Senador Amaral,31,MG,Minas Gerais,Sudeste,2020,76931000,5361,14350.121246036188,3627000,13906000,3497000,27494000,28406000
3165602,Senador Cortes,31,MG,Minas Gerais,Sudeste,2020,35018000,2003,17482.77583624563,1859000,4334000,3470000,10982000,14373000
3165701,Senador Firmino,31,MG,Minas Gerais,Sudeste,2020,100414000,7858,12778.569610587936,5669000,7600000,9384000,41395000,36365000
3165800,Senador José Bento,31,MG,Minas Gerais,Sudeste,2020,28434000,1461,19462.012320328544,793000,7555000,946000,7429000,11711000
3165909,Senador Modestino Gonçalves,31,MG,Minas Gerais,Sudeste,2020,86627000,4105,21102.801461632156,2034000,44207000,3625000,14300000,22461000
3166006,Senhora de Oliveira,31,MG,Minas Gerais,Sudeste,2020,74939000,5786,12951.780159004493,2960000,13356000,1960000,29355000,27309000
3166105,Senhora do Porto,31,MG,Minas Gerais,Sudeste,2020,40533000,3519,11518.329070758738,1025000,9398000,1885000,9084000,19141000
3166204,Senhora dos Remédios,31,MG,Minas Gerais,Sudeste,2020,101648000,10467,9711.2830801566834,3667000,15050000,9654000,29546000,43732000
3166303,Sericita,31,MG,Minas Gerais,Sudeste,2020,113569000,7333,15487.385790263193,3354000,43259000,7802000,27076000,32076000
3166402,Seritinga,31,MG,Minas Gerais,Sudeste,2020,42469000,1854,22906.688241639698,2329000,8836000,4024000,13225000,14055000
3166501,Serra Azul de Minas,31,MG,Minas Gerais,Sudeste,2020,38462000,4292,8961.3233923578755,1044000,5228000,1371000,9118000,21701000
3166600,Serra da Saudade,31,MG,Minas Gerais,Sudeste,2020,21055000,776,27132.731958762888,555000,5970000,908000,4249000,9373000
3166709,Serra dos Aimorés,31,MG,Minas Gerais,Sudeste,2020,81457000,8713,9348.9039366463912,3734000,9754000,3780000,26801000,37387000
3166808,Serra do Salitre,31,MG,Minas Gerais,Sudeste,2020,608894000,11668,52184.950291395267,25085000,271047000,104070000,142591000,66102000
3166907,Serrania,31,MG,Minas Gerais,Sudeste,2020,143795000,7668,18752.608242044862,9234000,29001000,22468000,48829000,34263000
3166956,Serranópolis de Minas,31,MG,Minas Gerais,Sudeste,2020,40309000,4809,8381.9920981493033,1127000,4728000,1630000,8294000,24530000
3167004,Serranos,31,MG,Minas Gerais,Sudeste,2020,32728000,1956,16732.106339468304,881000,10404000,735000,8339000,12369000
3167103,Serro,31,MG,Minas Gerais,Sudeste,2020,271969000,20940,12988.013371537727,17113000,25002000,10749000,127218000,91888000
3167202,Sete Lagoas,31,MG,Minas Gerais,Sudeste,2020,9250195000,241835,38250.025844067233,1538163000,30007000,2675875000,3812085000,1194065000
3167301,Silveirânia,31,MG,Minas Gerais,Sudeste,2020,32338000,2264,14283.56890459364,935000,5718000,1267000,9033000,15386000
3167400,Silvianópolis,31,MG,Minas Gerais,Sudeste,2020,132786000,6248,21252.560819462229,7533000,31264000,21669000,42103000,30217000
3167509,Simão Pereira,31,MG,Minas Gerais,Sudeste,2020,103644000,2618,39588.999236058058,3170000,3931000,61206000,15686000,19651000
3167608,Simonésia,31,MG,Minas Gerais,Sudeste,2020,246323000,19736,12480.89785164167,14583000,55647000,9614000,83760000,82719000
3167707,Sobrália,31,MG,Minas Gerais,Sudeste,2020,60387000,5514,10951.577801958651,1712000,8065000,2208000,19907000,28495000
3167806,Soledade de Minas,31,MG,Minas Gerais,Sudeste,2020,73626000,6189,11896.26757149782,2628000,14172000,4080000,23453000,29294000
3167905,Tabuleiro,31,MG,Minas Gerais,Sudeste,2020,62893000,3708,16961.434735706582,4431000,6270000,9497000,22602000,20092000
3168002,Taiobeiras,31,MG,Minas Gerais,Sudeste,2020,506131000,34397,14714.393697124749,32914000,51623000,39422000,228803000,153370000
3168051,Taparuba,31,MG,Minas Gerais,Sudeste,2020,44211000,3101,14257.013866494679,1579000,9779000,1781000,11435000,19637000
3168101,Tapira,31,MG,Minas Gerais,Sudeste,2020,594223000,4832,122976.61423841059,58107000,93011000,300842000,99180000,43082000
3168200,Tapiraí,31,MG,Minas Gerais,Sudeste,2020,48817000,1872,26077.457264957266,1024000,23667000,1586000,8688000,13851000
3168309,Taquaraçu de Minas,31,MG,Minas Gerais,Sudeste,2020,58730000,4099,14327.884849963406,3229000,5976000,4166000,20968000,24390000
3168408,Tarumirim,31,MG,Minas Gerais,Sudeste,2020,166851000,14302,11666.270451685079,7364000,21323000,7730000,66143000,64291000
3168507,Teixeiras,31,MG,Minas Gerais,Sudeste,2020,161628000,11670,13849.87146529563,8060000,21379000,15885000,64619000,51685000
3168606,Teófilo Otoni,31,MG,Minas Gerais,Sudeste,2020,2800905000,140937,19873.454096511206,237363000,72372000,367744000,1514124000,609303000
3168705,Timóteo,31,MG,Minas Gerais,Sudeste,2020,3640419000,90568,40195.422224185146,526547000,1061000,1321308000,1376685000,414818000
3168804,Tiradentes,31,MG,Minas Gerais,Sudeste,2020,170089000,8072,21071.481665014868,9561000,5676000,16309000,97354000,41188000
3168903,Tiros,31,MG,Minas Gerais,Sudeste,2020,291108000,6424,45315.691158156915,23861000,103533000,46512000,81541000,35661000
3169000,Tocantins,31,MG,Minas Gerais,Sudeste,2020,307419000,16715,18391.803769069698,26140000,34033000,37548000,136451000,73248000
3169059,Tocos do Moji,31,MG,Minas Gerais,Sudeste,2020,61319000,4109,14923.095643708932,2489000,17810000,2581000,16997000,21442000
3169109,Toledo,31,MG,Minas Gerais,Sudeste,2020,82580000,6297,13114.181356201365,5526000,9174000,7005000,30830000,30047000
3169208,Tombos,31,MG,Minas Gerais,Sudeste,2020,113907000,7850,14510.445859872612,6447000,14331000,4285000,51275000,37570000
3169307,Três Corações,31,MG,Minas Gerais,Sudeste,2020,2609378000,80032,32604.183326669332,347943000,230300000,608099000,1068297000,354740000
3169356,Três Marias,31,MG,Minas Gerais,Sudeste,2020,2954764000,32716,90315.564249908304,406592000,82708000,1597059000,694817000,173588000
3169406,Três Pontas,31,MG,Minas Gerais,Sudeste,2020,1558268000,56940,27366.84229012996,189192000,147670000,255770000,706159000,259476000
3169505,Tumiritinga,31,MG,Minas Gerais,Sudeste,2020,71918000,6765,10630.894308943089,2721000,12290000,3414000,21241000,32252000
3169604,Tupaciguara,31,MG,Minas Gerais,Sudeste,2020,851770000,25398,33536.89266871407,70703000,183746000,150838000,309179000,137304000
3169703,Turmalina,31,MG,Minas Gerais,Sudeste,2020,422188000,20125,20978.285714285714,25991000,141618000,28617000,136093000,89870000
3169802,Turvolândia,31,MG,Minas Gerais,Sudeste,2020,114629000,5070,22609.270216962526,5383000,44850000,6864000,30765000,26767000
3169901,Ubá,31,MG,Minas Gerais,Sudeste,2020,3299471000,116797,28249.621137529219,360458000,26642000,1081169000,1380551000,450651000
3170008,Ubaí,31,MG,Minas Gerais,Sudeste,2020,104940000,12599,8329.2324787681555,3921000,10904000,4037000,32138000,53939000
3170057,Ubaporanga,31,MG,Minas Gerais,Sudeste,2020,152274000,12493,12188.745697590652,7849000,24689000,10042000,53365000,56329000
3170107,Uberaba,31,MG,Minas Gerais,Sudeste,2020,17190845000,337092,50997.487332834949,2460679000,872927000,5051889000,7196264000,1609085000
3170206,Uberlândia,31,MG,Minas Gerais,Sudeste,2020,37631537000,699097,53828.777694654673,8378969000,705877000,8395040000,17143965000,3007686000
3170305,Umburatiba,31,MG,Minas Gerais,Sudeste,2020,48319000,2596,18612.86594761171,1346000,18447000,2042000,9405000,17079000
3170404,Unaí,31,MG,Minas Gerais,Sudeste,2020,3323472000,84930,39131.896856234547,281627000,1030634000,275309000,1299428000,436474000
3170438,União de Minas,31,MG,Minas Gerais,Sudeste,2020,116586000,4284,27214.285714285714,4224000,55000000,6227000,25529000,25606000
3170479,Uruana de Minas,31,MG,Minas Gerais,Sudeste,2020,66872000,3260,20512.883435582822,2356000,22910000,2091000,17322000,22193000
3170503,Urucânia,31,MG,Minas Gerais,Sudeste,2020,241654000,10345,23359.497341710972,20200000,36726000,70669000,67966000,46093000
3170529,Urucuia,31,MG,Minas Gerais,Sudeste,2020,154626000,17173,9004.0179351307288,6402000,34321000,5385000,35869000,72649000
3170578,Vargem Alegre,31,MG,Minas Gerais,Sudeste,2020,68575000,6470,10598.918083462133,4012000,3419000,3524000,26067000,31552000
3170602,Vargem Bonita,31,MG,Minas Gerais,Sudeste,2020,61377000,2148,28574.022346368714,2252000,23033000,3012000,16333000,16747000
3170651,Vargem Grande do Rio Pardo,31,MG,Minas Gerais,Sudeste,2020,59074000,5026,11753.680859530441,1517000,14990000,3898000,12779000,25890000
3170701,Varginha,31,MG,Minas Gerais,Sudeste,2020,6255981000,136602,45797.140598234284,1271243000,68725000,1116500000,3146401000,653112000
3170750,Varjão de Minas,31,MG,Minas Gerais,Sudeste,2020,207757000,7138,29105.771924908939,7086000,101599000,16327000,46624000,36121000
3170800,Várzea da Palma,31,MG,Minas Gerais,Sudeste,2020,893883000,39803,22457.679069416878,140847000,79956000,236955000,261479000,174647000
3170909,Varzelândia,31,MG,Minas Gerais,Sudeste,2020,174473000,19305,9037.710437710437,9343000,6606000,6853000,68971000,82700000
3171006,Vazante,31,MG,Minas Gerais,Sudeste,2020,889476000,20642,43090.591996899522,90363000,198475000,250919000,251299000,98420000
3171030,Verdelândia,31,MG,Minas Gerais,Sudeste,2020,94900000,9443,10049.772318119241,3667000,26944000,3889000,17994000,42405000
3171071,Veredinha,31,MG,Minas Gerais,Sudeste,2020,121046000,5727,21136.022350270647,2882000,55243000,15493000,19374000,28055000
3171105,Veríssimo,31,MG,Minas Gerais,Sudeste,2020,130676000,4045,32305.562422744129,3610000,71799000,5381000,24547000,25338000
3171154,Vermelho Novo,31,MG,Minas Gerais,Sudeste,2020,51182000,4846,10561.700371440364,1435000,12478000,1469000,12063000,23736000
3171204,Vespasiano,31,MG,Minas Gerais,Sudeste,2020,2709078000,129765,20876.800369899433,430017000,827000,705887000,989793000,582554000
3171303,Viçosa,31,MG,Minas Gerais,Sudeste,2020,1784080000,79388,22472.917821333198,153060000,23187000,197163000,1031207000,379463000
3171402,Vieiras,31,MG,Minas Gerais,Sudeste,2020,47754000,3589,13305.656171635554,1375000,12055000,1961000,11763000,20599000
3171501,Mathias Lobato,31,MG,Minas Gerais,Sudeste,2020,42205000,3179,13276.18748033973,1980000,4143000,1865000,13224000,20993000
3171600,Virgem da Lapa,31,MG,Minas Gerais,Sudeste,2020,124081000,13740,9030.6404657933035,6060000,7193000,6059000,45275000,59494000
3171709,Virgínia,31,MG,Minas Gerais,Sudeste,2020,163185000,8663,18837.007964908229,5448000,51078000,5225000,63553000,37880000
3171808,Virginópolis,31,MG,Minas Gerais,Sudeste,2020,162889000,10484,15536.913391835178,9803000,22568000,5386000,76617000,48515000
3171907,Virgolândia,31,MG,Minas Gerais,Sudeste,2020,54959000,5340,10291.947565543071,1657000,9055000,1985000,15426000,26836000
3172004,Visconde do Rio Branco,31,MG,Minas Gerais,Sudeste,2020,1300845000,42965,30276.853252647503,144934000,12936000,484837000,467187000,190951000
3172103,Volta Grande,31,MG,Minas Gerais,Sudeste,2020,126531000,5261,24050.750807831209,16682000,9693000,21987000,47729000,30440000
3172202,Wenceslau Braz,31,MG,Minas Gerais,Sudeste,2020,30567000,2548,11996.46781789639,1266000,4882000,3044000,7317000,14057000
3300100,Angra dos Reis,33,RJ,Rio de Janeiro,Sudeste,2020,10728194000,207044,51816.010123452019,592314000,57804000,3526087000,4826696000,1725294000
3300159,Aperibé,33,RJ,Rio de Janeiro,Sudeste,2020,223202000,11901,18754.894546676751,18797000,8002000,15379000,75674000,105349000
3300209,Araruama,33,RJ,Rio de Janeiro,Sudeste,2020,3528684000,134293,26276.008429329897,277832000,42201000,701122000,1471751000,1035778000
3300225,Areal,33,RJ,Rio de Janeiro,Sudeste,2020,389603000,12669,30752.466650880102,61568000,3289000,85921000,118750000,120075000
3300233,Armação dos Búzios,33,RJ,Rio de Janeiro,Sudeste,2020,2084042000,34477,60447.312701221104,99951000,11466000,594318000,986950000,391358000
3300258,Arraial do Cabo,33,RJ,Rio de Janeiro,Sudeste,2020,1832831000,30593,59910.142843134054,65534000,21594000,830013000,601850000,313840000
3300308,Barra do Piraí,33,RJ,Rio de Janeiro,Sudeste,2020,2468776000,100764,24500.575602397683,252740000,35226000,348163000,1116057000,716589000
3300407,Barra Mansa,33,RJ,Rio de Janeiro,Sudeste,2020,5904171000,184833,31943.273116813554,585289000,56780000,810275000,3101318000,1350510000
3300456,Belford Roxo,33,RJ,Rio de Janeiro,Sudeste,2020,8763589000,513118,17079.090969328692,864144000,3524000,1267254000,3213362000,3415306000
3300506,Bom Jardim,33,RJ,Rio de Janeiro,Sudeste,2020,867102000,27616,31398.53707995365,151321000,97939000,134728000,268398000,214716000
3300605,Bom Jesus do Itabapoana,33,RJ,Rio de Janeiro,Sudeste,2020,869561000,37203,23373.410746445181,107538000,48012000,86047000,346137000,281827000
3300704,Cabo Frio,33,RJ,Rio de Janeiro,Sudeste,2020,9337320000,230378,40530.432593389996,421399000,47616000,3024443000,3863003000,1980858000
3300803,Cachoeiras de Macacu,33,RJ,Rio de Janeiro,Sudeste,2020,1215378000,59303,20494.376338465172,140599000,62972000,222185000,350142000,439480000
3300902,Cambuci,33,RJ,Rio de Janeiro,Sudeste,2020,405064000,15514,26109.578445275234,86509000,62774000,38005000,90420000,127354000
3300936,Carapebus,33,RJ,Rio de Janeiro,Sudeste,2020,439224000,16586,26481.610997226577,23002000,9569000,106170000,111138000,189345000
3300951,Comendador Levy Gasparian,33,RJ,Rio de Janeiro,Sudeste,2020,487367000,8576,56829.174440298506,45801000,4863000,224519000,128290000,83893000
3301009,Campos dos Goytacazes,33,RJ,Rio de Janeiro,Sudeste,2020,23841837000,511168,46641.880947164143,1231583000,243709000,9224679000,9251665000,3890201000
3301108,Cantagalo,33,RJ,Rio de Janeiro,Sudeste,2020,758090000,20168,37588.754462514873,82913000,28643000,273976000,204582000,167976000
3301157,Cardoso Moreira,33,RJ,Rio de Janeiro,Sudeste,2020,353565000,12821,27577.022073161221,45295000,20096000,68420000,102217000,117537000
3301207,Carmo,33,RJ,Rio de Janeiro,Sudeste,2020,581508000,19030,30557.43562795586,76655000,22597000,172126000,154088000,156042000
3301306,Casimiro de Abreu,33,RJ,Rio de Janeiro,Sudeste,2020,1582461000,45041,35133.789214271441,70261000,10635000,560735000,542913000,397918000
3301405,Conceição de Macabu,33,RJ,Rio de Janeiro,Sudeste,2020,420654000,23398,17978.203265236345,39495000,15646000,13013000,155997000,196502000
3301504,Cordeiro,33,RJ,Rio de Janeiro,Sudeste,2020,414414000,22041,18801.959983666802,26034000,6494000,47085000,164400000,170401000
3301603,Duas Barras,33,RJ,Rio de Janeiro,Sudeste,2020,239119000,11528,20742.453157529493,39376000,24974000,14562000,56833000,103374000
3301702,Duque de Caxias,33,RJ,Rio de Janeiro,Sudeste,2020,47153673000,924624,50997.673648964337,6660255000,16458000,12498227000,21453464000,6525269000
3301801,Engenheiro Paulo de Frontin,33,RJ,Rio de Janeiro,Sudeste,2020,272664000,14071,19377.727240423566,26943000,7664000,25082000,82905000,130070000
3301850,Guapimirim,33,RJ,Rio de Janeiro,Sudeste,2020,1175110000,61388,19142.340522577702,96200000,23315000,126957000,433384000,495254000
3301876,Iguaba Grande,33,RJ,Rio de Janeiro,Sudeste,2020,565931000,28837,19625.169053646357,29442000,2401000,41407000,235500000,257182000
3301900,Itaboraí,33,RJ,Rio de Janeiro,Sudeste,2020,5417934000,242543,22338.034905150838,582469000,12209000,675326000,2379206000,1768723000
3302007,Itaguaí,33,RJ,Rio de Janeiro,Sudeste,2020,8836528000,134819,65543.639991395874,875118000,16494000,623476000,6139220000,1182220000
3302056,Italva,33,RJ,Rio de Janeiro,Sudeste,2020,390519000,15299,25525.785999084907,44029000,24939000,72057000,114936000,134558000
3302106,Itaocara,33,RJ,Rio de Janeiro,Sudeste,2020,632251000,23222,27226.380156747913,94385000,59138000,49661000,241524000,187543000
3302205,Itaperuna,33,RJ,Rio de Janeiro,Sudeste,2020,3317024000,103800,31955.915221579962,306905000,68902000,474728000,1668029000,798460000
3302254,Itatiaia,33,RJ,Rio de Janeiro,Sudeste,2020,4588797000,32064,143113.67889221557,1493069000,5941000,1068943000,1684783000,336061000
3302270,Japeri,33,RJ,Rio de Janeiro,Sudeste,2020,1459398000,105548,13826.865501951719,110815000,7960000,175653000,425809000,739161000
3302304,Laje do Muriaé,33,RJ,Rio de Janeiro,Sudeste,2020,166507000,7326,22728.228228228229,20077000,9533000,22257000,40215000,74425000
3302403,Macaé,33,RJ,Rio de Janeiro,Sudeste,2020,15328853000,261501,58618.716563225382,2373392000,61423000,3765557000,6147367000,2981114000
3302452,Macuco,33,RJ,Rio de Janeiro,Sudeste,2020,198811000,5623,35356.749066334698,27759000,3836000,39941000,65991000,61285000
3302502,Magé,33,RJ,Rio de Janeiro,Sudeste,2020,4442671000,246433,18027.906165164568,302228000,58286000,393988000,1892795000,1795373000
3302601,Mangaratiba,33,RJ,Rio de Janeiro,Sudeste,2020,2650145000,45220,58605.594869526758,156897000,21644000,110924000,1927010000,433670000
3302700,Maricá,33,RJ,Rio de Janeiro,Sudeste,2020,35618327000,164504,216519.5192822059,465227000,15190000,23696340000,9797488000,1644082000
3302809,Mendes,33,RJ,Rio de Janeiro,Sudeste,2020,366228000,18648,19638.996138996139,24004000,785000,22885000,154999000,163556000
3302858,Mesquita,33,RJ,Rio de Janeiro,Sudeste,2020,2530788000,176569,14333.138886214454,121470000,2846000,132359000,1143077000,1131036000
3302908,Miguel Pereira,33,RJ,Rio de Janeiro,Sudeste,2020,595789000,25581,23290.293577264376,40378000,6069000,43864000,282401000,223078000
3303005,Miracema,33,RJ,Rio de Janeiro,Sudeste,2020,635712000,27154,23411.357442734035,65368000,20386000,83469000,242403000,224087000
3303104,Natividade,33,RJ,Rio de Janeiro,Sudeste,2020,322465000,15311,21061.001894063091,36388000,17518000,18452000,122995000,127113000
3303203,Nilópolis,33,RJ,Rio de Janeiro,Sudeste,2020,2984861000,162693,18346.585286398309,177148000,0,151590000,1550268000,1105855000
3303302,Niterói,33,RJ,Rio de Janeiro,Sudeste,2020,40949495000,515317,79464.669320049594,2735485000,24769000,16082118000,17504714000,4602409000
3303401,Nova Friburgo,33,RJ,Rio de Janeiro,Sudeste,2020,5681581000,191158,29721.910670754038,559192000,115475000,537861000,3031171000,1437882000
3303500,Nova Iguaçu,33,RJ,Rio de Janeiro,Sudeste,2020,17202970000,823302,20895.090744344117,1425014000,8299000,1437519000,8723687000,5608452000
3303609,Paracambi,33,RJ,Rio de Janeiro,Sudeste,2020,1001699000,52683,19013.704610595447,89694000,3617000,123065000,416794000,368529000
3303708,Paraíba do Sul,33,RJ,Rio de Janeiro,Sudeste,2020,1299253000,44518,29184.891504559953,212246000,98021000,179196000,464988000,344803000
3303807,Paraty,33,RJ,Rio de Janeiro,Sudeste,2020,1732245000,43680,39657.623626373628,115375000,37072000,433271000,744164000,402364000
3303856,Paty do Alferes,33,RJ,Rio de Janeiro,Sudeste,2020,639925000,27858,22970.9598679015,87750000,40234000,52691000,222180000,237070000
3303906,Petrópolis,33,RJ,Rio de Janeiro,Sudeste,2020,15390936000,306678,50185.980083344744,1752095000,60153000,4399418000,6921078000,2258193000
3303955,Pinheiral,33,RJ,Rio de Janeiro,Sudeste,2020,777228000,25364,30642.958523892132,84966000,5049000,231872000,252630000,202712000
3304003,Piraí,33,RJ,Rio de Janeiro,Sudeste,2020,2612985000,29545,88440.852936199022,294774000,19419000,1513377000,504375000,281041000
3304102,Porciúncula,33,RJ,Rio de Janeiro,Sudeste,2020,415342000,18960,21906.223628691983,61136000,30313000,34008000,135390000,154495000
3304110,Porto Real,33,RJ,Rio de Janeiro,Sudeste,2020,2433185000,19974,121817.6128967658,757522000,7169000,766177000,698762000,203555000
3304128,Quatis,33,RJ,Rio de Janeiro,Sudeste,2020,308910000,14435,21400.069276065118,36799000,15605000,15489000,115828000,125189000
3304144,Queimados,33,RJ,Rio de Janeiro,Sudeste,2020,3850874000,151335,25446.023722205704,418085000,3040000,612454000,1745981000,1071313000
3304151,Quissamã,33,RJ,Rio de Janeiro,Sudeste,2020,3047888000,25126,121304.14709862294,72320000,28610000,1877081000,781809000,288069000
3304201,Resende,33,RJ,Rio de Janeiro,Sudeste,2020,8120384000,132312,61372.997158232058,1957006000,45398000,1698428000,3325733000,1093819000
3304300,Rio Bonito,33,RJ,Rio de Janeiro,Sudeste,2020,1729891000,60573,28558.780314661646,191987000,25345000,94523000,922222000,495814000
3304409,Rio Claro,33,RJ,Rio de Janeiro,Sudeste,2020,469772000,18605,25249.771566783122,105265000,71964000,17673000,103701000,171170000
3304508,Rio das Flores,33,RJ,Rio de Janeiro,Sudeste,2020,275804000,9344,29516.695205479453,27968000,13244000,82032000,58259000,94301000
3304524,Rio das Ostras,33,RJ,Rio de Janeiro,Sudeste,2020,6341894000,155193,40864.562190304976,441710000,11561000,2249480000,2307730000,1331414000
3304557,Rio de Janeiro,33,RJ,Rio de Janeiro,Sudeste,2020,331279902000,6747815,49094.396037828541,59975014000,105065000,36666723000,180098159000,54434942000
3304607,Santa Maria Madalena,33,RJ,Rio de Janeiro,Sudeste,2020,212323000,10392,20431.389530408007,33910000,20742000,7301000,48625000,101746000
3304706,Santo Antônio de Pádua,33,RJ,Rio de Janeiro,Sudeste,2020,1176973000,42594,27632.366060947552,134076000,42964000,200588000,476665000,322680000
3304755,São Francisco de Itabapoana,33,RJ,Rio de Janeiro,Sudeste,2020,1245840000,42210,29515.280739161335,300760000,250861000,83031000,269034000,342155000
3304805,São Fidélis,33,RJ,Rio de Janeiro,Sudeste,2020,802787000,38710,20738.491345905451,90192000,46463000,52467000,305747000,307919000
3304904,São Gonçalo,33,RJ,Rio de Janeiro,Sudeste,2020,19002883000,1091737,17406.099637550069,1483675000,75697000,1677420000,8601927000,7164164000
3305000,São João da Barra,33,RJ,Rio de Janeiro,Sudeste,2020,6462868000,36423,177439.20050517531,462606000,52103000,2148445000,3402408000,397306000
3305109,São João de Meriti,33,RJ,Rio de Janeiro,Sudeste,2020,9100466000,472906,19243.710166502435,739910000,1409000,450724000,4748716000,3159706000
3305133,São José de Ubá,33,RJ,Rio de Janeiro,Sudeste,2020,168874000,7206,23435.192894809879,29340000,20642000,9327000,41536000,68030000
3305158,São José do Vale do Rio Preto,33,RJ,Rio de Janeiro,Sudeste,2020,707233000,21916,32270.167913852893,185461000,139378000,42548000,151411000,188436000
3305208,São Pedro da Aldeia,33,RJ,Rio de Janeiro,Sudeste,2020,2591358000,106049,24435.477939443088,305118000,37360000,257174000,1224539000,767167000
3305307,São Sebastião do Alto,33,RJ,Rio de Janeiro,Sudeste,2020,230750000,9387,24581.868541600084,45572000,34165000,7220000,45924000,97867000
3305406,Sapucaia,33,RJ,Rio de Janeiro,Sudeste,2020,835833000,18249,45801.578168666776,176249000,43460000,110263000,347996000,157866000
3305505,Saquarema,33,RJ,Rio de Janeiro,Sudeste,2020,15156886000,90583,167325.94416170806,257612000,19263000,9664717000,4452890000,762405000
3305554,Seropédica,33,RJ,Rio de Janeiro,Sudeste,2020,4631957000,83092,55744.921292061808,624543000,17124000,886968000,2462351000,640971000
3305604,Silva Jardim,33,RJ,Rio de Janeiro,Sudeste,2020,559967000,21774,25717.231560576834,70262000,39858000,92667000,139989000,217192000
3305703,Sumidouro,33,RJ,Rio de Janeiro,Sudeste,2020,611190000,15667,39011.297631965281,192738000,166108000,24452000,90364000,137527000
3305752,Tanguá,33,RJ,Rio de Janeiro,Sudeste,2020,620899000,34610,17939.872869112973,51708000,15244000,42186000,230363000,281397000
3305802,Teresópolis,33,RJ,Rio de Janeiro,Sudeste,2020,5766905000,184240,31301.047546678245,664153000,323634000,560873000,2843880000,1374365000
3305901,Trajano de Moraes,33,RJ,Rio de Janeiro,Sudeste,2020,230751000,10640,21687.124060150374,38316000,28102000,8345000,51653000,104335000
3306008,Três Rios,33,RJ,Rio de Janeiro,Sudeste,2020,5347738000,82142,65103.576732974601,704601000,19553000,2057324000,1939492000,626767000
3306107,Valença,33,RJ,Rio de Janeiro,Sudeste,2020,2249765000,76869,29267.520066606823,246140000,51388000,448581000,940252000,563404000
3306156,Varre-Sai,33,RJ,Rio de Janeiro,Sudeste,2020,247750000,11106,22307.761570322349,51474000,31726000,13771000,54014000,96766000
3306206,Vassouras,33,RJ,Rio de Janeiro,Sudeste,2020,1282392000,37083,34581.668149826066,159134000,31628000,190227000,587724000,313679000
3306305,Volta Redonda,33,RJ,Rio de Janeiro,Sudeste,2020,11630417000,273988,42448.63643663226,1709147000,6777000,2635583000,5199395000,2079516000
3500105,Adamantina,35,SP,São Paulo,Sudeste,2020,1256562000,35111,35788.27148187178,93441000,40458000,177599000,720693000,224370000
3500204,Adolfo,35,SP,São Paulo,Sudeste,2020,136701000,3554,38463.984243106359,3816000,48342000,20437000,42621000,21485000
3500303,Aguaí,35,SP,São Paulo,Sudeste,2020,1152443000,36648,31446.272647893475,169565000,111006000,326585000,394943000,150345000
3500402,Águas da Prata,35,SP,São Paulo,Sudeste,2020,186768000,8221,22718.404087094026,11462000,21848000,25164000,94203000,34092000
3500501,Águas de Lindóia,35,SP,São Paulo,Sudeste,2020,496877000,18808,26418.385793279456,30835000,7179000,31526000,314452000,112886000
3500550,Águas de Santa Bárbara,35,SP,São Paulo,Sudeste,2020,200526000,6109,32824.684891144214,10494000,64378000,10048000,76549000,39058000
3500600,Águas de São Pedro,35,SP,São Paulo,Sudeste,2020,137976000,3521,39186.594717409826,6545000,0,12981000,90980000,27471000
3500709,Agudos,35,SP,São Paulo,Sudeste,2020,2311348000,37401,61799.096280848105,331921000,66101000,950839000,751746000,210741000
3500758,Alambari,35,SP,São Paulo,Sudeste,2020,121556000,6129,19832.925436449666,5431000,38017000,9825000,38905000,29378000
3500808,Alfredo Marcondes,35,SP,São Paulo,Sudeste,2020,109885000,4184,26263.145315487571,26422000,7223000,18486000,33562000,24192000
3500907,Altair,35,SP,São Paulo,Sudeste,2020,111679000,4186,26679.168657429527,9723000,43708000,4876000,25360000,28012000
3501004,Altinópolis,35,SP,São Paulo,Sudeste,2020,651335000,16203,40198.420045670558,32295000,254971000,22954000,266902000,74213000
3501103,Alto Alegre,35,SP,São Paulo,Sudeste,2020,116812000,4088,28574.36399217221,5985000,38962000,9421000,36886000,25557000
3501152,Alumínio,35,SP,São Paulo,Sudeste,2020,2251141000,18767,119952.09676559918,573717000,1196000,1003997000,563557000,108673000
3501202,Álvares Florence,35,SP,São Paulo,Sudeste,2020,112148000,3647,30750.754044420071,3171000,49100000,4373000,30705000,24800000
3501301,Álvares Machado,35,SP,São Paulo,Sudeste,2020,614915000,24998,24598.567885430835,76761000,27963000,104469000,297099000,108623000
3501400,Álvaro de Carvalho,35,SP,São Paulo,Sudeste,2020,53333000,5274,10112.438376943497,1730000,8771000,3237000,17398000,22196000
3501509,Alvinlândia,35,SP,São Paulo,Sudeste,2020,57585000,3237,17789.620018535683,1524000,15024000,3319000,16652000,21065000
3501608,Americana,35,SP,São Paulo,Sudeste,2020,12078627000,242018,49907.969655149616,1581573000,14753000,3001626000,6377660000,1103015000
3501707,Américo Brasiliense,35,SP,São Paulo,Sudeste,2020,1095799000,41032,26705.961201013844,103334000,19098000,334186000,450967000,188213000
3501806,Américo de Campos,35,SP,São Paulo,Sudeste,2020,109145000,5981,18248.620632001337,3387000,27872000,3795000,42878000,31213000
3501905,Amparo,35,SP,São Paulo,Sudeste,2020,4616533000,72677,63521.237805633144,588686000,96319000,1832513000,1746055000,352961000
3502002,Analândia,35,SP,São Paulo,Sudeste,2020,195983000,5056,38762.460443037977,6743000,36528000,56176000,62656000,33880000
3502101,Andradina,35,SP,São Paulo,Sudeste,2020,2673256000,57202,46733.610712912137,217336000,173301000,779116000,1214430000,289074000
3502200,Angatuba,35,SP,São Paulo,Sudeste,2020,1320267000,25479,51817.849994112796,110009000,159394000,459418000,468030000,123415000
3502309,Anhembi,35,SP,São Paulo,Sudeste,2020,155148000,6819,22752.309722833259,9417000,46328000,18735000,42505000,38164000
3502408,Anhumas,35,SP,São Paulo,Sudeste,2020,82952000,4144,20017.374517374516,2526000,26246000,5879000,24769000,23532000
3502507,Aparecida,35,SP,São Paulo,Sudeste,2020,984474000,36185,27206.687854083182,44978000,2590000,40730000,721073000,175102000
3502606,Aparecida d'Oeste,35,SP,São Paulo,Sudeste,2020,155887000,4158,37490.860990860994,11457000,22420000,46485000,52568000,22957000
3502705,Apiaí,35,SP,São Paulo,Sudeste,2020,719087000,24226,29682.448608932551,48634000,154165000,174266000,232845000,109178000
3502754,Araçariguama,35,SP,São Paulo,Sudeste,2020,3218902000,22860,140809.36132983377,704013000,1722000,810920000,1569393000,132853000
3502804,Araçatuba,35,SP,São Paulo,Sudeste,2020,8304184000,198129,41913.016267179461,797299000,138511000,1255282000,5360533000,752559000
3502903,Araçoiaba da Serra,35,SP,São Paulo,Sudeste,2020,976126000,34776,28068.955601564296,94997000,31343000,243870000,448145000,157772000
3503000,Aramina,35,SP,São Paulo,Sudeste,2020,155702000,5655,27533.510167992925,9130000,38132000,4305000,73962000,30174000
3503109,Arandu,35,SP,São Paulo,Sudeste,2020,182646000,6365,28695.365278868812,5318000,85694000,9173000,49660000,32801000
3503158,Arapeí,35,SP,São Paulo,Sudeste,2020,39883000,2460,16212.60162601626,1262000,2482000,1831000,15901000,18408000
3503208,Araraquara,35,SP,São Paulo,Sudeste,2020,10680813000,238339,44813.534503375442,1141776000,116285000,1838929000,6384614000,1199209000
3503307,Araras,35,SP,São Paulo,Sudeste,2020,6474428000,135506,47779.640753914959,765577000,146274000,1485632000,3482940000,594004000
3503356,Arco-Íris,35,SP,São Paulo,Sudeste,2020,84063000,1773,47412.859560067685,1778000,46395000,4402000,15669000,15819000
3503406,Arealva,35,SP,São Paulo,Sudeste,2020,244288000,8613,28362.707535121328,9861000,85741000,19482000,88168000,41035000
3503505,Areias,35,SP,São Paulo,Sudeste,2020,56804000,3896,14580.082135523615,1947000,7370000,1648000,20994000,24845000
3503604,Areiópolis,35,SP,São Paulo,Sudeste,2020,147089000,11158,13182.380354902312,6507000,18842000,10752000,61437000,49551000
3503703,Ariranha,35,SP,São Paulo,Sudeste,2020,968334000,9761,99204.384796639686,184776000,24100000,182401000,528527000,48530000
3503802,Artur Nogueira,35,SP,São Paulo,Sudeste,2020,1477690000,55340,26702.023852547885,179202000,188297000,230176000,635824000,244191000
3503901,Arujá,35,SP,São Paulo,Sudeste,2020,7633056000,91157,83735.269918931081,1298608000,43544000,1020234000,4840312000,430358000
3503950,Aspásia,35,SP,São Paulo,Sudeste,2020,40019000,1818,22012.651265126511,1220000,10240000,2066000,11978000,14514000
3504008,Assis,35,SP,São Paulo,Sudeste,2020,3734330000,105087,35535.603833014553,382740000,60663000,577999000,2251898000,461029000
3504107,Atibaia,35,SP,São Paulo,Sudeste,2020,7412330000,144088,51443.076453278554,1214560000,285052000,1564960000,3673275000,674483000
3504206,Auriflama,35,SP,São Paulo,Sudeste,2020,325250000,15253,21323.674031338098,17069000,31914000,29759000,177582000,68927000
3504305,Avaí,35,SP,São Paulo,Sudeste,2020,395873000,5436,72824.319352465041,9327000,261265000,12565000,81320000,31396000
3504404,Avanhandava,35,SP,São Paulo,Sudeste,2020,491139000,13859,35438.271159535318,41027000,45237000,201054000,144435000,59387000
3504503,Avaré,35,SP,São Paulo,Sudeste,2020,2818751000,91232,30896.516573132234,240503000,157391000,397728000,1609908000,413221000
3504602,Bady Bassitt,35,SP,São Paulo,Sudeste,2020,466219000,17761,26249.591802263385,36995000,18008000,75527000,250723000,84966000
3504701,Balbinos,35,SP,São Paulo,Sudeste,2020,61962000,5934,10441.860465116279,1865000,14350000,5138000,13875000,26734000
3504800,Bálsamo,35,SP,São Paulo,Sudeste,2020,246986000,9139,27025.495130758289,19365000,34463000,35889000,114391000,42878000
3504909,Bananal,35,SP,São Paulo,Sudeste,2020,203900000,10993,18548.167015373419,10905000,10674000,34218000,91744000,56358000
3505005,Barão de Antonina,35,SP,São Paulo,Sudeste,2020,69024000,3498,19732.418524871355,1568000,23566000,2756000,20562000,20573000
3505104,Barbosa,35,SP,São Paulo,Sudeste,2020,119432000,7468,15992.501339046599,5647000,24952000,4145000,52263000,32426000
3505203,Bariri,35,SP,São Paulo,Sudeste,2020,1369294000,35558,38508.746273693687,160029000,56624000,347598000,640475000,164569000
3505302,Barra Bonita,35,SP,São Paulo,Sudeste,2020,1374944000,36126,38059.680008857889,128167000,13289000,388611000,676391000,168486000
3505351,Barra do Chapéu,35,SP,São Paulo,Sudeste,2020,143900000,5760,24982.638888888891,2989000,84069000,5150000,25733000,25959000
3505401,Barra do Turvo,35,SP,São Paulo,Sudeste,2020,109166000,7632,14303.721174004193,7811000,4408000,5245000,49039000,42663000
3505500,Barretos,35,SP,São Paulo,Sudeste,2020,4989613000,122833,40621.111590533488,428150000,230405000,962208000,2795445000,573404000
3505609,Barrinha,35,SP,São Paulo,Sudeste,2020,553730000,33180,16688.667872212176,33498000,27064000,84544000,255819000,152805000
3505708,Barueri,35,SP,São Paulo,Sudeste,2020,51254572000,276982,185046.5806442296,11771575000,421000,4903200000,32268423000,2310953000
3505807,Bastos,35,SP,São Paulo,Sudeste,2020,978296000,20953,46690.02052212094,55526000,409944000,103889000,304453000,104484000
3505906,Batatais,35,SP,São Paulo,Sudeste,2020,2085830000,62980,33118.926643378851,189187000,204606000,367890000,1025042000,299105000
3506003,Bauru,35,SP,São Paulo,Sudeste,2020,15180212000,379297,40021.966954655589,1499721000,50108000,2425054000,9710778000,1494551000
3506102,Bebedouro,35,SP,São Paulo,Sudeste,2020,3218916000,77555,41504.944877828639,422358000,100647000,330742000,2010648000,354522000
3506201,Bento de Abreu,35,SP,São Paulo,Sudeste,2020,208535000,3005,69396.006655574049,17147000,42481000,69971000,55507000,23429000
3506300,Bernardino de Campos,35,SP,São Paulo,Sudeste,2020,301522000,11158,27022.943179781323,25050000,31829000,63736000,124955000,55952000
3506359,Bertioga,35,SP,São Paulo,Sudeste,2020,1905000000,64723,29433.122692087822,107941000,7488000,141340000,1220164000,428066000
3506409,Bilac,35,SP,São Paulo,Sudeste,2020,267899000,8117,33004.681532585928,10418000,109049000,9701000,101670000,37060000
3506508,Birigui,35,SP,São Paulo,Sudeste,2020,3669343000,124883,29382.245782051999,348919000,72687000,593038000,2125672000,529028000
3506607,Biritiba Mirim,35,SP,São Paulo,Sudeste,2020,995304000,32936,30219.33446684479,30229000,503358000,46991000,287476000,127250000
3506706,Boa Esperança do Sul,35,SP,São Paulo,Sudeste,2020,362180000,15018,24116.393660940204,22110000,97433000,30591000,139173000,72874000
3506805,Bocaina,35,SP,São Paulo,Sudeste,2020,236358000,12452,18981.529071635079,15520000,30017000,27267000,99977000,63576000
3506904,Bofete,35,SP,São Paulo,Sudeste,2020,204906000,11921,17188.658669574699,11150000,30541000,26707000,83672000,52835000
3507001,Boituva,35,SP,São Paulo,Sudeste,2020,2985664000,62170,48024.191732346793,409834000,28295000,938819000,1292433000,316283000
3507100,Bom Jesus dos Perdões,35,SP,São Paulo,Sudeste,2020,1089688000,25985,41935.270348277852,164676000,13653000,375702000,427580000,108078000
3507159,Bom Sucesso de Itararé,35,SP,São Paulo,Sudeste,2020,65301000,3984,16390.813253012049,2794000,7469000,12595000,20011000,22432000
3507209,Borá,35,SP,São Paulo,Sudeste,2020,68382000,838,81601.431980906927,4761000,13299000,20037000,18771000,11513000
3507308,Boracéia,35,SP,São Paulo,Sudeste,2020,448990000,4868,92232.94987674609,45176000,15920000,220616000,140420000,26858000
3507407,Borborema,35,SP,São Paulo,Sudeste,2020,467280000,16164,28908.685968819598,31869000,103536000,33740000,220020000,78115000
3507456,Borebi,35,SP,São Paulo,Sudeste,2020,68327000,2683,25466.641818859487,3898000,19400000,3164000,21195000,20670000
3507506,Botucatu,35,SP,São Paulo,Sudeste,2020,5089449000,148130,34357.989603726455,443325000,167708000,1295393000,2676637000,506385000
3507605,Bragança Paulista,35,SP,São Paulo,Sudeste,2020,6791315000,170533,39824.051649827306,854559000,71624000,1565445000,3589604000,710084000
3507704,Braúna,35,SP,São Paulo,Sudeste,2020,115760000,5741,20163.734541020727,4569000,28995000,7937000,43666000,30593000
3507753,Brejo Alegre,35,SP,São Paulo,Sudeste,2020,60573000,2889,20966.770508826583,2289000,12688000,3925000,21115000,20556000
3507803,Brodowski,35,SP,São Paulo,Sudeste,2020,805026000,25277,31848.162361039682,85960000,74143000,139616000,383050000,122256000
3507902,Brotas,35,SP,São Paulo,Sudeste,2020,1019895000,24636,41398.563078421823,94275000,93571000,266838000,438394000,126817000
3508009,Buri,35,SP,São Paulo,Sudeste,2020,666566000,19965,33386.726771850736,37438000,270442000,48701000,216210000,93775000
3508108,Buritama,35,SP,São Paulo,Sudeste,2020,712089000,17281,41206.469533013136,40834000,61219000,258152000,269645000,82241000
3508207,Buritizal,35,SP,São Paulo,Sudeste,2020,233930000,4514,51823.216659282232,9988000,42136000,100627000,49389000,31792000
3508306,Cabrália Paulista,35,SP,São Paulo,Sudeste,2020,81929000,4243,19309.215177940136,3694000,13379000,13276000,26920000,24660000
3508405,Cabreúva,35,SP,São Paulo,Sudeste,2020,5258402000,50429,104273.37444724266,1128409000,26581000,1355629000,2470490000,277293000
3508504,Caçapava,35,SP,São Paulo,Sudeste,2020,4562951000,95018,48021.964259403481,655177000,21670000,1635614000,1845123000,405367000
3508603,Cachoeira Paulista,35,SP,São Paulo,Sudeste,2020,635940000,33581,18937.494416485511,32896000,18538000,54500000,383889000,146117000
3508702,Caconde,35,SP,São Paulo,Sudeste,2020,477006000,19009,25093.69246146562,16483000,160611000,53498000,165238000,81176000
3508801,Cafelândia,35,SP,São Paulo,Sudeste,2020,614590000,17843,34444.31990136188,51722000,112371000,134241000,229130000,87126000
3508900,Caiabu,35,SP,São Paulo,Sudeste,2020,67985000,4193,16213.927975196757,1878000,18848000,3884000,20636000,22739000
3509007,Caieiras,35,SP,São Paulo,Sudeste,2020,4010644000,102775,39023.536852347359,580286000,2953000,1361039000,1625264000,441102000
3509106,Caiuá,35,SP,São Paulo,Sudeste,2020,88899000,5946,14951.059535822402,3225000,26537000,2872000,23708000,32556000
3509205,Cajamar,35,SP,São Paulo,Sudeste,2020,20798646000,77934,266875.12510585878,4275574000,322000,2416497000,13638972000,467281000
3509254,Cajati,35,SP,São Paulo,Sudeste,2020,1594152000,28494,55946.936197094125,207902000,199659000,615211000,432558000,138822000
3509304,Cajobi,35,SP,São Paulo,Sudeste,2020,171373000,10596,16173.367308418272,9054000,29549000,8215000,76449000,48105000
3509403,Cajuru,35,SP,São Paulo,Sudeste,2020,691972000,26393,26218.012351759935,68336000,136031000,103863000,261983000,121759000
3509452,Campina do Monte Alegre,35,SP,São Paulo,Sudeste,2020,137149000,6057,22643.057619283474,7253000,29387000,14050000,54009000,32450000
3509502,Campinas,35,SP,São Paulo,Sudeste,2020,65419717000,1213792,53896.974934749938,12055178000,165109000,9586864000,38679638000,4932927000
3509601,Campo Limpo Paulista,35,SP,São Paulo,Sudeste,2020,2195756000,85541,25669.04759121357,272163000,11004000,588349000,968945000,355295000
3509700,Campos do Jordão,35,SP,São Paulo,Sudeste,2020,1276364000,52405,24355.767579429445,74987000,6135000,124186000,821868000,249187000
3509809,Campos Novos Paulista,35,SP,São Paulo,Sudeste,2020,189704000,4997,37963.578146888132,8265000,85037000,12618000,56452000,27331000
3509908,Cananéia,35,SP,São Paulo,Sudeste,2020,262472000,12541,20929.112510964038,11627000,36301000,24558000,119873000,70113000
3509957,Canas,35,SP,São Paulo,Sudeste,2020,112955000,5204,21705.418908531898,12129000,2102000,14913000,51657000,32154000
3510005,Cândido Mota,35,SP,São Paulo,Sudeste,2020,1391538000,31346,44392.841191858613,146065000,120950000,247701000,748205000,128618000
3510104,Cândido Rodrigues,35,SP,São Paulo,Sudeste,2020,110266000,2799,39394.78385137549,6899000,31881000,15505000,38803000,17179000
3510153,Canitar,35,SP,São Paulo,Sudeste,2020,157317000,5292,29727.32426303855,11794000,9383000,64313000,43084000,28743000
3510203,Capão Bonito,35,SP,São Paulo,Sudeste,2020,1129603000,47118,23973.916549938451,58233000,269122000,100393000,492132000,209723000
3510302,Capela do Alto,35,SP,São Paulo,Sudeste,2020,339378000,20985,16172.408863473909,21060000,36062000,33714000,148396000,100146000
3510401,Capivari,35,SP,São Paulo,Sudeste,2020,2400351000,56379,42575.267386792955,325506000,60104000,756236000,966307000,292198000
3510500,Caraguatatuba,35,SP,São Paulo,Sudeste,2020,3889991000,123389,31526.238157372212,237879000,15662000,600561000,2313679000,722210000
3510609,Carapicuíba,35,SP,São Paulo,Sudeste,2020,6224120000,403183,15437.45644037571,535813000,301000,821526000,3635153000,1231327000
3510708,Cardoso,35,SP,São Paulo,Sudeste,2020,299675000,12349,24267.147137420034,12211000,73103000,16659000,137798000,59904000
3510807,Casa Branca,35,SP,São Paulo,Sudeste,2020,1053662000,30520,34523.656618610745,84027000,259878000,107858000,456351000,145548000
3510906,Cássia dos Coqueiros,35,SP,São Paulo,Sudeste,2020,254623000,2505,101645.90818363274,3112000,183306000,8097000,38879000,21229000
3511003,Castilho,35,SP,São Paulo,Sudeste,2020,1167426000,21267,54893.779094371559,109100000,108195000,414918000,412897000,122315000
3511102,Catanduva,35,SP,São Paulo,Sudeste,2020,4883915000,122497,39869.670277639452,415382000,60443000,962552000,2953698000,491840000
3511201,Catiguá,35,SP,São Paulo,Sudeste,2020,134144000,7855,17077.530235518778,7786000,22133000,6787000,63520000,33918000
3511300,Cedral,35,SP,São Paulo,Sudeste,2020,389261000,9346,41650.010699764607,47555000,29658000,112694000,145886000,53469000
3511409,Cerqueira César,35,SP,São Paulo,Sudeste,2020,824649000,20191,40842.405031944923,68604000,108894000,212129000,342266000,92756000
3511508,Cerquilho,35,SP,São Paulo,Sudeste,2020,2007347000,49802,40306.553953656483,296775000,66204000,588461000,852153000,203754000
3511607,Cesário Lange,35,SP,São Paulo,Sudeste,2020,513238000,18375,27931.319727891158,45453000,51014000,80606000,253847000,82319000
3511706,Charqueada,35,SP,São Paulo,Sudeste,2020,436865000,17367,25154.891460816492,42738000,20605000,131292000,171781000,70449000
3511904,Clementina,35,SP,São Paulo,Sudeste,2020,138320000,8757,15795.363709032774,7151000,22596000,8998000,61819000,37756000
3512001,Colina,35,SP,São Paulo,Sudeste,2020,1232166000,18535,66477.798759104393,142856000,81201000,391685000,506773000,109651000
3512100,Colômbia,35,SP,São Paulo,Sudeste,2020,376596000,6216,60584.942084942086,25483000,133524000,74816000,92831000,49942000
3512209,Conchal,35,SP,São Paulo,Sudeste,2020,847842000,28273,29987.691437060093,90312000,53785000,224203000,348124000,131418000
3512308,Conchas,35,SP,São Paulo,Sudeste,2020,385263000,18019,21380.93123924746,24324000,70654000,26130000,179142000,85013000
3512407,Cordeirópolis,35,SP,São Paulo,Sudeste,2020,3292605000,24826,132627.28590993313,499631000,54561000,935918000,1622748000,179748000
3512506,Coroados,35,SP,São Paulo,Sudeste,2020,199028000,6129,32473.16038505466,13230000,64251000,28289000,63994000,29264000
3512605,Coronel Macedo,35,SP,São Paulo,Sudeste,2020,127086000,4635,27418.770226537217,3689000,55233000,9431000,30171000,28560000
3512704,Corumbataí,35,SP,São Paulo,Sudeste,2020,259270000,4064,63796.751968503937,42130000,28399000,12978000,146113000,29651000
3512803,Cosmópolis,35,SP,São Paulo,Sudeste,2020,1974321000,73474,26871.015597354166,195427000,22310000,668802000,780277000,307504000
3512902,Cosmorama,35,SP,São Paulo,Sudeste,2020,393570000,7298,53928.473554398464,55683000,68764000,99741000,129347000,40034000
3513009,Cotia,35,SP,São Paulo,Sudeste,2020,14039984000,253608,55360.966531024256,2891124000,32465000,3338866000,6701989000,1075541000
3513108,Cravinhos,35,SP,São Paulo,Sudeste,2020,1408566000,35579,39589.814216251158,222581000,65207000,335949000,632862000,151968000
3513207,Cristais Paulista,35,SP,São Paulo,Sudeste,2020,279639000,8718,32076.049552649689,11782000,111706000,18840000,96166000,41146000
3513306,Cruzália,35,SP,São Paulo,Sudeste,2020,117793000,2046,57572.336265884653,11851000,26677000,3999000,58662000,16605000
3513405,Cruzeiro,35,SP,São Paulo,Sudeste,2020,2671788000,82571,32357.462062951883,378722000,10798000,714399000,1231364000,336506000
3513504,Cubatão,35,SP,São Paulo,Sudeste,2020,15918913000,131626,120940.49048060413,1947996000,1203000,8448363000,4720899000,800453000
3513603,Cunha,35,SP,São Paulo,Sudeste,2020,297367000,21459,13857.449088960342,10738000,36965000,15132000,140996000,93537000
3513702,Descalvado,35,SP,São Paulo,Sudeste,2020,1857896000,33910,54789.029784724269,258837000,142003000,555595000,735772000,165689000
3513801,Diadema,35,SP,São Paulo,Sudeste,2020,15057235000,426757,35282.924474583895,2565363000,1023000,3953216000,6801328000,1736305000
3513850,Dirce Reis,35,SP,São Paulo,Sudeste,2020,65460000,1799,36386.881600889385,5959000,8483000,19020000,18779000,13220000
3513900,Divinolândia,35,SP,São Paulo,Sudeste,2020,338829000,11086,30563.68392567202,16337000,84040000,15104000,174697000,48651000
3514007,Dobrada,35,SP,São Paulo,Sudeste,2020,131493000,9010,14594.117647058823,9466000,22882000,14139000,45022000,39985000
3514106,Dois Córregos,35,SP,São Paulo,Sudeste,2020,754504000,27512,27424.542018028496,76496000,106116000,126228000,326896000,118768000
3514205,Dolcinópolis,35,SP,São Paulo,Sudeste,2020,51749000,2112,24502.367424242424,1528000,12210000,2627000,19257000,16127000
3514304,Dourado,35,SP,São Paulo,Sudeste,2020,653195000,8878,73574.566343771119,140605000,27871000,240768000,196432000,47520000
3514403,Dracena,35,SP,São Paulo,Sudeste,2020,1368407000,47043,29088.429734498226,101785000,47064000,205690000,822693000,191176000
3514502,Duartina,35,SP,São Paulo,Sudeste,2020,257271000,12433,20692.592294699589,14145000,18209000,30221000,135167000,59529000
3514601,Dumont,35,SP,São Paulo,Sudeste,2020,282639000,10023,28199.042202933255,35573000,25612000,50975000,122315000,48163000
3514700,Echaporã,35,SP,São Paulo,Sudeste,2020,135500000,6064,22344.986807387864,6824000,34814000,7382000,55228000,31253000
3514809,Eldorado,35,SP,São Paulo,Sudeste,2020,323402000,15544,20805.584148224396,7215000,145659000,13002000,86564000,70963000
3514908,Elias Fausto,35,SP,São Paulo,Sudeste,2020,860302000,17936,47965.098126672616,99863000,108680000,289133000,271787000,90840000
3514924,Elisiário,35,SP,São Paulo,Sudeste,2020,67869000,3697,18357.857722477685,3027000,13826000,2993000,27243000,20780000
3514957,Embaúba,35,SP,São Paulo,Sudeste,2020,59966000,2449,24485.912617394853,1721000,16241000,6297000,18283000,17424000
3515004,Embu das Artes,35,SP,São Paulo,Sudeste,2020,13834413000,276535,50027.710778020868,2823430000,361000,1783127000,8179506000,1047990000
3515103,Embu-Guaçu,35,SP,São Paulo,Sudeste,2020,1231418000,69901,17616.6006208781,123205000,2833000,242785000,578277000,284317000
3515129,Emilianópolis,35,SP,São Paulo,Sudeste,2020,70518000,3227,21852.494577006506,1794000,19964000,5730000,21425000,21605000
3515152,Engenheiro Coelho,35,SP,São Paulo,Sudeste,2020,553914000,21249,26067.767894959761,61586000,36856000,75525000,285938000,94009000
3515186,Espírito Santo do Pinhal,35,SP,São Paulo,Sudeste,2020,1661259000,44471,37356.007285646825,166715000,117569000,423408000,770809000,182757000
3515194,Espírito Santo do Turvo,35,SP,São Paulo,Sudeste,2020,95256000,4878,19527.675276752769,3932000,28378000,4155000,31136000,27655000
3515202,Estrela d'Oeste,35,SP,São Paulo,Sudeste,2020,654954000,8419,77794.74997030526,72069000,43603000,273088000,225139000,41056000
3515301,Estrela do Norte,35,SP,São Paulo,Sudeste,2020,69542000,2770,25105.415162454872,1600000,26681000,3182000,17695000,20383000
3515350,Euclides da Cunha Paulista,35,SP,São Paulo,Sudeste,2020,132188000,9325,14175.656836461127,4346000,32024000,6175000,45187000,44456000
3515400,Fartura,35,SP,São Paulo,Sudeste,2020,428375000,16070,26656.8139390168,24312000,79526000,47311000,203449000,73777000
3515509,Fernandópolis,35,SP,São Paulo,Sudeste,2020,2307920000,69402,33254.373072822105,187627000,87032000,336142000,1391595000,305524000
3515608,Fernando Prestes,35,SP,São Paulo,Sudeste,2020,224806000,5794,38799.79288919572,10986000,83594000,27933000,70983000,31311000
3515657,Fernão,35,SP,São Paulo,Sudeste,2020,80927000,1727,46859.872611464969,2705000,37322000,3323000,23273000,14304000
3515707,Ferraz de Vasconcelos,35,SP,São Paulo,Sudeste,2020,3953315000,196500,20118.651399491093,410714000,3119000,1113744000,1737493000,688245000
3515806,Flora Rica,35,SP,São Paulo,Sudeste,2020,39594000,1430,27688.111888111889,930000,12749000,1669000,11388000,12859000
3515905,Floreal,35,SP,São Paulo,Sudeste,2020,69449000,2900,23947.931034482757,2520000,19234000,4800000,23478000,19417000
3516002,Flórida Paulista,35,SP,São Paulo,Sudeste,2020,247036000,14790,16702.907369844488,11002000,44861000,26241000,99626000,65306000
3516101,Florínea,35,SP,São Paulo,Sudeste,2020,161169000,2653,60749.717301168486,15829000,42923000,5228000,75367000,21822000
3516200,Franca,35,SP,São Paulo,Sudeste,2020,9908134000,355901,27839.578984043317,884257000,155201000,1363216000,6151787000,1353673000
3516309,Francisco Morato,35,SP,São Paulo,Sudeste,2020,1722351000,177633,9696.1206532569959,78145000,658000,115537000,914641000,613371000
3516408,Franco da Rocha,35,SP,São Paulo,Sudeste,2020,3557252000,156492,22731.206707052119,335846000,4697000,1012565000,1646512000,557633000
3516507,Gabriel Monteiro,35,SP,São Paulo,Sudeste,2020,76725000,2776,27638.688760806916,2850000,19773000,10623000,25432000,18047000
3516606,Gália,35,SP,São Paulo,Sudeste,2020,186377000,6482,28753.00833076211,7480000,51573000,12227000,82963000,32134000
3516705,Garça,35,SP,São Paulo,Sudeste,2020,1324398000,44409,29822.738634060664,118090000,138530000,196442000,692896000,178440000
3516804,Gastão Vidigal,35,SP,São Paulo,Sudeste,2020,85877000,4860,17670.1646090535,3771000,22186000,5883000,32031000,22006000
3516853,Gavião Peixoto,35,SP,São Paulo,Sudeste,2020,1607938000,4815,333943.50986500521,161960000,44484000,1086169000,280892000,34433000
3516903,General Salgado,35,SP,São Paulo,Sudeste,2020,240676000,10862,22157.613699134599,12768000,41946000,11974000,121877000,52111000
3517000,Getulina,35,SP,São Paulo,Sudeste,2020,216288000,11447,18894.732244256138,6347000,80307000,6847000,72939000,49848000
3517109,Glicério,35,SP,São Paulo,Sudeste,2020,115833000,4829,23986.953820666804,4710000,29597000,15790000,37979000,27758000
3517208,Guaiçara,35,SP,São Paulo,Sudeste,2020,221647000,12294,18028.875874410282,29961000,23866000,30873000,82448000,54499000
3517307,Guaimbê,35,SP,São Paulo,Sudeste,2020,236193000,5785,40828.522039757998,6316000,21853000,153460000,30920000,23644000
3517406,Guaíra,35,SP,São Paulo,Sudeste,2020,2563209000,41040,62456.359649122809,227149000,295240000,937522000,889399000,213899000
3517505,Guapiaçu,35,SP,São Paulo,Sudeste,2020,718074000,21775,32976.991963260618,72761000,62003000,213980000,279189000,90141000
3517604,Guapiara,35,SP,São Paulo,Sudeste,2020,509879000,17025,29948.83994126285,14213000,260431000,46314000,108511000,80410000
3517703,Guará,35,SP,São Paulo,Sudeste,2020,573186000,21308,26900.037544584193,37547000,82444000,80901000,261543000,110751000
3517802,Guaraçaí,35,SP,São Paulo,Sudeste,2020,321462000,8290,38777.080820265379,10667000,150745000,14132000,99226000,46692000
3517901,Guaraci,35,SP,São Paulo,Sudeste,2020,396671000,11287,35144.05953752104,32587000,110186000,72736000,119600000,61562000
3518008,Guarani d'Oeste,35,SP,São Paulo,Sudeste,2020,40312000,1998,20176.176176176177,1614000,6055000,2913000,15111000,14619000
3518107,Guarantã,35,SP,São Paulo,Sudeste,2020,187184000,6675,28042.5468164794,10619000,59720000,20636000,60242000,35967000
3518206,Guararapes,35,SP,São Paulo,Sudeste,2020,1100342000,33100,33242.960725075529,77341000,225962000,185811000,464870000,146358000
3518305,Guararema,35,SP,São Paulo,Sudeste,2020,1624893000,30136,53918.668701884788,193445000,46020000,326157000,914580000,144690000
3518404,Guaratinguetá,35,SP,São Paulo,Sudeste,2020,6852331000,122505,55935.112852536629,1062364000,43092000,2492965000,2738099000,515810000
3518503,Guareí,35,SP,São Paulo,Sudeste,2020,268433000,18887,14212.580081537566,13427000,62649000,42234000,72595000,77528000
3518602,Guariba,35,SP,São Paulo,Sudeste,2020,1008360000,40487,24905.77222318275,84098000,63131000,222300000,464785000,174045000
3518701,Guarujá,35,SP,São Paulo,Sudeste,2020,9265420000,322750,28707.730441518204,1119849000,45868000,1130734000,5294956000,1674012000
3518800,Guarulhos,35,SP,São Paulo,Sudeste,2020,65849311000,1392121,47301.427821288526,11096191000,59089000,13275910000,35706428000,5711692000
3518859,Guatapará,35,SP,São Paulo,Sudeste,2020,251979000,7709,32686.340640809445,15057000,96725000,13776000,76934000,49487000
3518909,Guzolândia,35,SP,São Paulo,Sudeste,2020,86220000,5307,16246.466930469192,2794000,20873000,5139000,29618000,27797000
3519006,Herculândia,35,SP,São Paulo,Sudeste,2020,335412000,9588,34982.478097622028,23682000,86347000,70149000,110000000,45233000
3519055,Holambra,35,SP,São Paulo,Sudeste,2020,1281656000,15272,83921.948664222102,108317000,457502000,198878000,436018000,80940000
3519071,Hortolândia,35,SP,São Paulo,Sudeste,2020,15549704000,234259,66378.256545106051,3108107000,1531000,4209273000,7202923000,1027870000
3519105,Iacanga,35,SP,São Paulo,Sudeste,2020,584594000,11858,49299.544611232923,80793000,81899000,51393000,309207000,61302000
3519204,Iacri,35,SP,São Paulo,Sudeste,2020,252522000,6295,40114.694201747421,19462000,87635000,23712000,91870000,29841000
3519253,Iaras,35,SP,São Paulo,Sudeste,2020,161857000,9517,17007.145108752757,9575000,40997000,9467000,57928000,43890000
3519303,Ibaté,35,SP,São Paulo,Sudeste,2020,1082675000,35472,30521.960983310779,96573000,51481000,384464000,405883000,144274000
3519402,Ibirá,35,SP,São Paulo,Sudeste,2020,268566000,12518,21454.385684614157,13186000,42940000,47975000,104984000,59481000
3519501,Ibirarema,35,SP,São Paulo,Sudeste,2020,214631000,7841,27372.911618416019,19069000,49251000,23416000,89887000,33008000
3519600,Ibitinga,35,SP,São Paulo,Sudeste,2020,1743690000,60600,28773.762376237624,141310000,100176000,376324000,882006000,243874000
3519709,Ibiúna,35,SP,São Paulo,Sudeste,2020,2220621000,79479,27939.719926018195,179823000,480333000,333568000,859473000,367424000
3519808,Icém,35,SP,São Paulo,Sudeste,2020,183279000,8304,22071.170520231215,5571000,27833000,31559000,71159000,47157000
3519907,Iepê,35,SP,São Paulo,Sudeste,2020,367597000,8194,44861.728093727121,43958000,86760000,13008000,173988000,49882000
3520004,Igaraçu do Tietê,35,SP,São Paulo,Sudeste,2020,350683000,24749,14169.58260939836,23384000,11279000,20417000,198210000,97393000
3520103,Igarapava,35,SP,São Paulo,Sudeste,2020,1354386000,30614,44240.739530933562,175987000,80314000,175195000,800633000,122257000
3520202,Igaratá,35,SP,São Paulo,Sudeste,2020,224387000,9583,23415.110090785765,21616000,2153000,20236000,126982000,53400000
3520301,Iguape,35,SP,São Paulo,Sudeste,2020,1080388000,30989,34863.596760140696,23223000,101313000,396601000,399621000,159630000
3520400,Ilhabela,35,SP,São Paulo,Sudeste,2020,10752020000,35591,302099.40715349384,103764000,3950000,7114946000,3203987000,325373000
3520426,Ilha Comprida,35,SP,São Paulo,Sudeste,2020,768971000,11362,67679.193803907765,10330000,5052000,389198000,265615000,98776000
3520442,Ilha Solteira,35,SP,São Paulo,Sudeste,2020,678420000,26788,25325.518889054802,32746000,75408000,33432000,399652000,137181000
3520509,Indaiatuba,35,SP,São Paulo,Sudeste,2020,18344473000,256223,71595.731062394872,3769837000,43147000,5119201000,8243655000,1168632000
3520608,Indiana,35,SP,São Paulo,Sudeste,2020,84037000,4879,17224.226275876204,2901000,18230000,3765000,32542000,26599000
3520707,Indiaporã,35,SP,São Paulo,Sudeste,2020,104729000,3886,26950.334534225425,3965000,26082000,5613000,45199000,23870000
3520806,Inúbia Paulista,35,SP,São Paulo,Sudeste,2020,125745000,4019,31287.633739736251,11757000,7124000,5857000,78715000,22292000
3520905,Ipaussu,35,SP,São Paulo,Sudeste,2020,448605000,15069,29770.057734421662,39474000,48211000,100526000,187586000,72808000
3521002,Iperó,35,SP,São Paulo,Sudeste,2020,796373000,37964,20977.057212095671,102117000,18192000,234789000,289880000,151396000
3521101,Ipeúna,35,SP,São Paulo,Sudeste,2020,914749000,7687,118999.47964095225,106907000,18968000,475908000,273171000,39796000
3521150,Ipiguá,35,SP,São Paulo,Sudeste,2020,113165000,5476,20665.63184806428,10914000,18192000,21128000,35184000,27747000
3521200,Iporanga,35,SP,São Paulo,Sudeste,2020,63488000,4199,15119.790426291975,1768000,7221000,3361000,22643000,28494000
3521309,Ipuã,35,SP,São Paulo,Sudeste,2020,445205000,16604,26813.11732112744,27375000,101012000,37943000,193604000,85271000
3521408,Iracemápolis,35,SP,São Paulo,Sudeste,2020,2067562000,24614,83999.431218006008,562960000,22304000,698307000,665493000,118497000
3521507,Irapuã,35,SP,São Paulo,Sudeste,2020,174047000,8048,21626.118290258448,5766000,65990000,9688000,56994000,35609000
3521606,Irapuru,35,SP,São Paulo,Sudeste,2020,104357000,8325,12535.375375375375,3815000,16768000,2797000,46063000,34914000
3521705,Itaberá,35,SP,São Paulo,Sudeste,2020,789730000,17480,45179.061784897029,67861000,267677000,31628000,344242000,78322000
3521804,Itaí,35,SP,São Paulo,Sudeste,2020,905343000,27382,33063.435833759402,63095000,318567000,69127000,333060000,121494000
3521903,Itajobi,35,SP,São Paulo,Sudeste,2020,915348000,15297,59838.399686212986,68634000,263499000,197186000,311735000,74294000
3522000,Itaju,35,SP,São Paulo,Sudeste,2020,96459000,3887,24815.79624388989,6671000,28432000,10451000,27921000,22984000
3522109,Itanhaém,35,SP,São Paulo,Sudeste,2020,2195871000,103102,21298.044654807862,121669000,53343000,151032000,1350488000,519339000
3522158,Itaoca,35,SP,São Paulo,Sudeste,2020,48512000,3330,14568.168168168168,1724000,6133000,6576000,15130000,18949000
3522208,Itapecerica da Serra,35,SP,São Paulo,Sudeste,2020,4331368000,177662,24379.8223593115,539180000,27865000,727334000,2350422000,686567000
3522307,Itapetininga,35,SP,São Paulo,Sudeste,2020,5332509000,165526,32215.537136159877,555807000,360454000,1167534000,2603808000,644907000
3522406,Itapeva,35,SP,São Paulo,Sudeste,2020,4111522000,94804,43368.655330998692,234638000,1670514000,327647000,1469651000,409071000
3522505,Itapevi,35,SP,São Paulo,Sudeste,2020,12584181000,240961,52224.970015894687,2064434000,331000,2653860000,6932781000,932775000
3522604,Itapira,35,SP,São Paulo,Sudeste,2020,4132858000,75234,54933.381184039128,495480000,69053000,1555163000,1674298000,338864000
3522653,Itapirapuã Paulista,35,SP,São Paulo,Sudeste,2020,48697000,4268,11409.793814432989,2162000,3115000,2230000,17535000,23655000
3522703,Itápolis,35,SP,São Paulo,Sudeste,2020,1564823000,43331,36113.244559322426,134724000,272786000,245681000,717948000,193684000
3522802,Itaporanga,35,SP,São Paulo,Sudeste,2020,386450000,15173,25469.584129704079,33249000,67170000,13026000,206444000,66561000
3522901,Itapuí,35,SP,São Paulo,Sudeste,2020,871498000,14147,61603.02537640489,133999000,17550000,248281000,409078000,62591000
3523008,Itapura,35,SP,São Paulo,Sudeste,2020,107150000,4951,21642.092506564331,3464000,40008000,4571000,30958000,28148000
3523107,Itaquaquecetuba,35,SP,São Paulo,Sudeste,2020,7671902000,375011,20457.805237713026,1003702000,16013000,1618296000,3736058000,1297833000
3523206,Itararé,35,SP,São Paulo,Sudeste,2020,1104136000,50642,21802.772402353778,70997000,208933000,99863000,519913000,204429000
3523305,Itariri,35,SP,São Paulo,Sudeste,2020,357331000,17598,20305.205136947381,18692000,110416000,12838000,143347000,72037000
3523404,Itatiba,35,SP,São Paulo,Sudeste,2020,7161563000,122581,58423.10798574004,1145744000,902995000,1937444000,2602744000,572637000
3523503,Itatinga,35,SP,São Paulo,Sudeste,2020,427720000,20921,20444.5294201998,24783000,67579000,95777000,148055000,91526000
3523602,Itirapina,35,SP,São Paulo,Sudeste,2020,706030000,18387,38398.324903464403,116190000,48978000,147670000,291960000,101233000
3523701,Itirapuã,35,SP,São Paulo,Sudeste,2020,132522000,6543,20254.011921137095,3520000,50565000,8879000,38050000,31508000
3523800,Itobi,35,SP,São Paulo,Sudeste,2020,157855000,7852,20103.795211411107,8501000,41114000,13077000,63218000,31945000
3523909,Itu,35,SP,São Paulo,Sudeste,2020,9209595000,175568,52455.99995443361,1613307000,55615000,2264161000,4507779000,768732000
3524006,Itupeva,35,SP,São Paulo,Sudeste,2020,8498523000,62813,135298.79165140973,1743941000,47893000,3028231000,3275149000,403308000
3524105,Ituverava,35,SP,São Paulo,Sudeste,2020,1809032000,42045,43026.091092876683,232849000,197157000,449295000,741057000,188675000
3524204,Jaborandi,35,SP,São Paulo,Sudeste,2020,153343000,6946,22076.446875899797,4892000,54548000,8189000,50427000,35286000
3524303,Jaboticabal,35,SP,São Paulo,Sudeste,2020,3170163000,77652,40825.258847164274,343935000,186719000,641676000,1626839000,370995000
3524402,Jacareí,35,SP,São Paulo,Sudeste,2020,14114972000,235416,59957.572977197815,2630074000,36223000,4450232000,6094001000,904442000
3524501,Jaci,35,SP,São Paulo,Sudeste,2020,559307000,7196,77724.708171206221,75028000,29329000,216959000,203319000,34672000
3524600,Jacupiranga,35,SP,São Paulo,Sudeste,2020,519612000,17889,29046.453127620327,28534000,129938000,35328000,242794000,83018000
3524709,Jaguariúna,35,SP,São Paulo,Sudeste,2020,11504187000,58722,195909.31848370287,2435829000,18055000,3195966000,5480419000,373918000
3524808,Jales,35,SP,São Paulo,Sudeste,2020,1773928000,49201,36054.714335074488,147617000,77640000,263711000,1078522000,206438000
3524907,Jambeiro,35,SP,São Paulo,Sudeste,2020,269801000,6717,40166.88998064612,73721000,8057000,81691000,69738000,36595000
3525003,Jandira,35,SP,São Paulo,Sudeste,2020,4596897000,126356,36380.520117762513,867952000,662000,1129966000,2082095000,516222000
3525102,Jardinópolis,35,SP,São Paulo,Sudeste,2020,1384172000,44970,30779.897709584166,139861000,110924000,178329000,734091000,220967000
3525201,Jarinu,35,SP,São Paulo,Sudeste,2020,2603549000,30617,85036.058398928697,383207000,58216000,449121000,1524964000,188041000
3525300,Jaú,35,SP,São Paulo,Sudeste,2020,5051021000,151881,33256.437605757135,501531000,92148000,742887000,3094568000,619887000
3525409,Jeriquara,35,SP,São Paulo,Sudeste,2020,131524000,3151,41740.399873056173,3408000,66142000,8282000,33191000,20501000
3525508,Joanópolis,35,SP,São Paulo,Sudeste,2020,231982000,13338,17392.562603088918,11034000,23390000,14289000,123958000,59311000
3525607,João Ramalho,35,SP,São Paulo,Sudeste,2020,131712000,4551,28941.331575477918,3219000,70862000,2687000,31827000,23117000
3525706,José Bonifácio,35,SP,São Paulo,Sudeste,2020,1340586000,37366,35877.161055505007,107689000,157998000,293264000,607762000,173873000
3525805,Júlio Mesquita,35,SP,São Paulo,Sudeste,2020,56184000,4800,11705,2694000,9412000,1685000,20288000,22106000
3525854,Jumirim,35,SP,São Paulo,Sudeste,2020,172324000,3418,50416.61790520772,22503000,11851000,68525000,49507000,19938000
3525904,Jundiaí,35,SP,São Paulo,Sudeste,2020,51235050000,423006,121121.33161231756,11956319000,198218000,9849360000,27099001000,2132151000
3526001,Junqueirópolis,35,SP,São Paulo,Sudeste,2020,740517000,20831,35548.797465316115,70652000,63046000,177597000,333091000,96130000
3526100,Juquiá,35,SP,São Paulo,Sudeste,2020,361212000,18718,19297.574527193075,14619000,100083000,20450000,141084000,84975000
3526209,Juquitiba,35,SP,São Paulo,Sudeste,2020,547312000,31646,17294.823990393732,42693000,1138000,64053000,309343000,130085000
3526308,Lagoinha,35,SP,São Paulo,Sudeste,2020,69423000,4889,14199.836367355287,2485000,10531000,3520000,28364000,24523000
3526407,Laranjal Paulista,35,SP,São Paulo,Sudeste,2020,1253935000,28785,43562.09831509467,182599000,29306000,444433000,464512000,133085000
3526506,Lavínia,35,SP,São Paulo,Sudeste,2020,182200000,12285,14831.094831094832,5946000,71258000,5174000,49124000,50699000
3526605,Lavrinhas,35,SP,São Paulo,Sudeste,2020,120678000,7311,16506.360279031596,12093000,5730000,21476000,44226000,37154000
3526704,Leme,35,SP,São Paulo,Sudeste,2020,3767429000,104346,36105.159756962414,482690000,94943000,966840000,1791798000,431158000
3526803,Lençóis Paulista,35,SP,São Paulo,Sudeste,2020,4257630000,68990,61713.726627047399,614136000,101434000,1543240000,1690216000,308603000
3526902,Limeira,35,SP,São Paulo,Sudeste,2020,13702173000,308482,44418.063290564765,1993183000,101364000,4003350000,6395687000,1208589000
3527009,Lindóia,35,SP,São Paulo,Sudeste,2020,220924000,8092,27301.532377656946,19761000,7405000,65349000,86897000,41512000
3527108,Lins,35,SP,São Paulo,Sudeste,2020,6290471000,78503,80130.326229570841,720738000,78774000,2906135000,2294878000,289946000
3527207,Lorena,35,SP,São Paulo,Sudeste,2020,3104753000,89125,34835.938288920057,337794000,15149000,967045000,1427577000,357189000
3527256,Lourdes,35,SP,São Paulo,Sudeste,2020,46224000,2300,20097.391304347828,1255000,12450000,2126000,13778000,16615000
3527306,Louveira,35,SP,São Paulo,Sudeste,2020,17852712000,49993,357104.23459284299,3446835000,40798000,4506794000,9540111000,318174000
3527405,Lucélia,35,SP,São Paulo,Sudeste,2020,516660000,21886,23606.871972950747,43360000,27723000,116778000,231190000,97609000
3527504,Lucianópolis,35,SP,São Paulo,Sudeste,2020,75137000,2403,31267.998335414064,2110000,32095000,3236000,19975000,17721000
3527603,Luís Antônio,35,SP,São Paulo,Sudeste,2020,1450489000,15292,94852.798849071405,139233000,106261000,777350000,337130000,90514000
3527702,Luiziânia,35,SP,São Paulo,Sudeste,2020,83669000,5855,14290.179333902648,2292000,18380000,4115000,30977000,27905000
3527801,Lupércio,35,SP,São Paulo,Sudeste,2020,92684000,4596,20166.231505657091,4524000,17882000,15174000,32020000,23084000
3527900,Lutécia,35,SP,São Paulo,Sudeste,2020,94683000,2636,35919.19575113809,2309000,45001000,7533000,20184000,19655000
3528007,Macatuba,35,SP,São Paulo,Sudeste,2020,758206000,17214,44045.892877890088,111989000,39210000,68083000,462144000,76780000
3528106,Macaubal,35,SP,São Paulo,Sudeste,2020,186630000,8147,22907.818829016815,8858000,51773000,8790000,83158000,34051000
3528205,Macedônia,35,SP,São Paulo,Sudeste,2020,87067000,3692,23582.61105092091,2324000,30301000,7133000,24634000,22675000
3528304,Magda,35,SP,São Paulo,Sudeste,2020,99704000,3102,32141.843971631206,4190000,35889000,5065000,34381000,20179000
3528403,Mairinque,35,SP,São Paulo,Sudeste,2020,2144227000,47441,45197.76142998672,323851000,20863000,716000000,844087000,239426000
3528502,Mairiporã,35,SP,São Paulo,Sudeste,2020,1931084000,101937,18943.896720523462,213658000,997000,338907000,1002946000,374576000
3528601,Manduri,35,SP,São Paulo,Sudeste,2020,260130000,9910,26249.243188698285,15665000,58900000,37276000,104102000,44187000
3528700,Marabá Paulista,35,SP,São Paulo,Sudeste,2020,122179000,5948,20541.190316072629,2300000,55084000,4010000,25836000,34949000
3528809,Maracaí,35,SP,São Paulo,Sudeste,2020,497377000,14036,35435.807922485037,40621000,95400000,66260000,223356000,71740000
3528858,Marapoama,35,SP,São Paulo,Sudeste,2020,295810000,3064,96543.733681462138,24510000,38868000,134686000,74784000,22963000
3528908,Mariápolis,35,SP,São Paulo,Sudeste,2020,65623000,4091,16040.821315081886,1405000,21811000,3356000,19186000,19864000
3529005,Marília,35,SP,São Paulo,Sudeste,2020,8700476000,240590,36163.08242237832,819736000,97553000,1220083000,5533366000,1029738000
3529104,Marinópolis,35,SP,São Paulo,Sudeste,2020,39819000,2106,18907.407407407409,1135000,9596000,2031000,13390000,13668000
3529203,Martinópolis,35,SP,São Paulo,Sudeste,2020,674232000,26628,25320.414601171698,37953000,142230000,66516000,295987000,131546000
3529302,Matão,35,SP,São Paulo,Sudeste,2020,4415471000,83626,52800.217635663546,588963000,78665000,1565830000,1841084000,340928000
3529401,Mauá,35,SP,São Paulo,Sudeste,2020,17127383000,477552,35864.95920863068,2421449000,19000,5773374000,7175184000,1757357000
3529500,Mendonça,35,SP,São Paulo,Sudeste,2020,298917000,5565,53713.746630727765,29326000,20877000,110816000,102358000,35540000
3529609,Meridiano,35,SP,São Paulo,Sudeste,2020,406438000,3824,106286.08786610879,35633000,32807000,197065000,115182000,25751000
3529658,Mesópolis,35,SP,São Paulo,Sudeste,2020,74356000,1905,39032.02099737533,1564000,37291000,3089000,16375000,16037000
3529708,Miguelópolis,35,SP,São Paulo,Sudeste,2020,1047653000,22355,46864.370386938048,22524000,242051000,437001000,234744000,111333000
3529807,Mineiros do Tietê,35,SP,São Paulo,Sudeste,2020,208464000,12966,16077.741786210088,13524000,20808000,42212000,77897000,54023000
3529906,Miracatu,35,SP,São Paulo,Sudeste,2020,422678000,19643,21517.996232754671,25695000,64847000,21863000,218854000,91419000
3530003,Mira Estrela,35,SP,São Paulo,Sudeste,2020,71547000,3106,23035.093367675468,2176000,16457000,5459000,25994000,21461000
3530102,Mirandópolis,35,SP,São Paulo,Sudeste,2020,689323000,29706,23204.840772907832,49478000,133781000,83886000,306426000,115752000
3530201,Mirante do Paranapanema,35,SP,São Paulo,Sudeste,2020,549595000,18338,29970.280292289237,34639000,119912000,149403000,162226000,83415000
3530300,Mirassol,35,SP,São Paulo,Sudeste,2020,2259474000,60303,37468.683150092038,242225000,46862000,574009000,1130361000,266018000
3530409,Mirassolândia,35,SP,São Paulo,Sudeste,2020,162533000,4919,33041.878430575322,8189000,70031000,17706000,41842000,24764000
3530508,Mococa,35,SP,São Paulo,Sudeste,2020,2611201000,68980,37854.465062336909,268070000,210262000,590940000,1228695000,313235000
3530607,Mogi das Cruzes,35,SP,São Paulo,Sudeste,2020,16964027000,450785,37632.190512106659,2242967000,531735000,3796163000,8658109000,1735053000
3530706,Mogi Guaçu,35,SP,São Paulo,Sudeste,2020,6168231000,153033,40306.54172629433,727648000,305208000,1557109000,2887162000,691104000
3530805,Mogi Mirim,35,SP,São Paulo,Sudeste,2020,5044267000,93650,53862.968499733048,756952000,202030000,1030283000,2533802000,521199000
3530904,Mombuca,35,SP,São Paulo,Sudeste,2020,100670000,3508,28697.263397947547,4608000,22411000,17712000,31610000,24329000
3531001,Monções,35,SP,São Paulo,Sudeste,2020,64784000,2267,28576.973974415527,5053000,8208000,10514000,22609000,18401000
3531100,Mongaguá,35,SP,São Paulo,Sudeste,2020,1218645000,57648,21139.415070774354,65832000,5694000,132953000,709586000,304580000
3531209,Monte Alegre do Sul,35,SP,São Paulo,Sudeste,2020,220385000,8111,27171.125631857969,16332000,60425000,21158000,80869000,41602000
3531308,Monte Alto,35,SP,São Paulo,Sudeste,2020,2171450000,50772,42768.652012920509,240387000,275606000,505488000,932437000,217532000
3531407,Monte Aprazível,35,SP,São Paulo,Sudeste,2020,726388000,25373,28628.384503212077,52537000,77021000,167317000,315522000,113990000
3531506,Monte Azul Paulista,35,SP,São Paulo,Sudeste,2020,578990000,18968,30524.56769295656,56488000,37864000,39088000,349304000,96247000
3531605,Monte Castelo,35,SP,São Paulo,Sudeste,2020,118889000,4166,28537.926068170906,4922000,41154000,7497000,42994000,22322000
3531704,Monteiro Lobato,35,SP,São Paulo,Sudeste,2020,72884000,4696,15520.442930153322,5001000,3995000,8341000,32328000,23219000
3531803,Monte Mor,35,SP,São Paulo,Sudeste,2020,3683620000,60754,60631.727952068999,542547000,43586000,1759700000,1043419000,294369000
3531902,Morro Agudo,35,SP,São Paulo,Sudeste,2020,1329812000,33288,39948.690218697426,92573000,312523000,280730000,487621000,156366000
3532009,Morungaba,35,SP,São Paulo,Sudeste,2020,551379000,13781,40010.086350772806,80441000,21677000,213054000,171962000,64245000
3532058,Motuca,35,SP,São Paulo,Sudeste,2020,110809000,4795,23109.280500521378,3308000,33495000,11926000,34477000,27603000
3532108,Murutinga do Sul,35,SP,São Paulo,Sudeste,2020,85270000,4506,18923.657345761207,2634000,23947000,2186000,28646000,27856000
3532157,Nantes,35,SP,São Paulo,Sudeste,2020,126321000,3179,39736.080528468068,9376000,37988000,2591000,52322000,24043000
3532207,Narandiba,35,SP,São Paulo,Sudeste,2020,262528000,4904,53533.442088091353,17492000,68035000,62731000,75230000,39039000
3532306,Natividade da Serra,35,SP,São Paulo,Sudeste,2020,86047000,6642,12954.983438723277,4347000,8797000,3110000,33571000,36222000
3532405,Nazaré Paulista,35,SP,São Paulo,Sudeste,2020,414384000,18698,22161.942453738367,45611000,23120000,83294000,170557000,91801000
3532504,Neves Paulista,35,SP,São Paulo,Sudeste,2020,243933000,8923,27337.554634091674,26421000,34262000,40406000,107861000,34984000
3532603,Nhandeara,35,SP,São Paulo,Sudeste,2020,353567000,11527,30672.941788843586,21759000,48726000,59508000,165891000,57683000
3532702,Nipoã,35,SP,São Paulo,Sudeste,2020,92935000,5298,17541.525103812761,4479000,17102000,7619000,37693000,26042000
3532801,Nova Aliança,35,SP,São Paulo,Sudeste,2020,232641000,7068,32914.685908319188,13348000,31653000,48743000,103664000,35233000
3532827,Nova Campina,35,SP,São Paulo,Sudeste,2020,137403000,9860,13935.395537525355,12677000,11005000,28378000,38486000,46858000
3532843,Nova Canaã Paulista,35,SP,São Paulo,Sudeste,2020,45893000,1852,24780.237580993522,1143000,16020000,2305000,12729000,13695000
3532868,Nova Castilho,35,SP,São Paulo,Sudeste,2020,55116000,1278,43126.760563380281,1097000,24996000,1505000,12072000,15447000
3532900,Nova Europa,35,SP,São Paulo,Sudeste,2020,347438000,11355,30597.798326728313,28960000,21124000,116703000,120943000,59707000
3533007,Nova Granada,35,SP,São Paulo,Sudeste,2020,482455000,21689,22244.225183272625,27511000,102647000,33467000,230436000,88395000
3533106,Nova Guataporanga,35,SP,São Paulo,Sudeste,2020,36375000,2325,15645.161290322581,1290000,3360000,1912000,14783000,15030000
3533205,Nova Independência,35,SP,São Paulo,Sudeste,2020,185267000,4053,45711.078213668887,13511000,27103000,60837000,52489000,31327000
3533254,Novais,35,SP,São Paulo,Sudeste,2020,75078000,5945,12628.763666947014,2000000,13568000,2561000,28271000,28678000
3533304,Nova Luzitânia,35,SP,São Paulo,Sudeste,2020,54495000,4160,13099.759615384615,1404000,7854000,2642000,21625000,20971000
3533403,Nova Odessa,35,SP,São Paulo,Sudeste,2020,3647306000,60956,59835.061355732003,559722000,10356000,932137000,1847588000,297502000
3533502,Novo Horizonte,35,SP,São Paulo,Sudeste,2020,1394319000,41414,33667.817646206597,149555000,143355000,133835000,783125000,184448000
3533601,Nuporanga,35,SP,São Paulo,Sudeste,2020,723331000,7478,96727.868414014447,69652000,98896000,278162000,232117000,44504000
3533700,Ocauçu,35,SP,São Paulo,Sudeste,2020,178952000,4291,41704.031694243764,5501000,89848000,10148000,48148000,25306000
3533809,Óleo,35,SP,São Paulo,Sudeste,2020,128692000,2471,52080.938891137193,2032000,82236000,5402000,21798000,17224000
3533908,Olímpia,35,SP,São Paulo,Sudeste,2020,2125601000,55130,38556.158171594412,195876000,121752000,476188000,1074607000,257179000
3534005,Onda Verde,35,SP,São Paulo,Sudeste,2020,189749000,4422,42910.221619176846,13212000,38281000,21435000,90402000,26419000
3534104,Oriente,35,SP,São Paulo,Sudeste,2020,112840000,6542,17248.547844695811,9193000,14725000,9941000,48902000,30079000
3534203,Orindiúva,35,SP,São Paulo,Sudeste,2020,515616000,7194,71673.060884070059,60195000,39912000,208790000,169289000,37431000
3534302,Orlândia,35,SP,São Paulo,Sudeste,2020,2180278000,44360,49149.639314697924,331914000,63209000,621991000,954066000,209098000
3534401,Osasco,35,SP,São Paulo,Sudeste,2020,76311814000,699944,109025.5991907924,12934532000,1263000,3745570000,56542987000,3087461000
3534500,Oscar Bressane,35,SP,São Paulo,Sudeste,2020,104646000,2603,40202.074529389167,4034000,40069000,12110000,30426000,18006000
3534609,Osvaldo Cruz,35,SP,São Paulo,Sudeste,2020,992800000,33000,30084.848484848484,98419000,32594000,242984000,492471000,126333000
3534708,Ourinhos,35,SP,São Paulo,Sudeste,2020,3504209000,114352,30644.05519798517,317322000,60596000,511515000,2120817000,493959000
3534757,Ouroeste,35,SP,São Paulo,Sudeste,2020,596081000,10539,56559.540753392161,41045000,49119000,250686000,175909000,79322000
3534807,Ouro Verde,35,SP,São Paulo,Sudeste,2020,127357000,8620,14774.593967517401,3714000,26344000,5237000,50135000,41927000
3534906,Pacaembu,35,SP,São Paulo,Sudeste,2020,206126000,14263,14451.798359391432,8386000,26401000,5836000,103930000,61574000
3535002,Palestina,35,SP,São Paulo,Sudeste,2020,429397000,13123,32720.94795397394,25049000,120073000,96495000,129394000,58387000
3535101,Palmares Paulista,35,SP,São Paulo,Sudeste,2020,131300000,13486,9736.0225418952996,4779000,9790000,7055000,58888000,50789000
3535200,Palmeira d'Oeste,35,SP,São Paulo,Sudeste,2020,206239000,9227,22351.685271485858,6734000,59506000,13687000,90242000,36070000
3535309,Palmital,35,SP,São Paulo,Sudeste,2020,825926000,22272,37083.60272988506,93717000,131540000,97792000,395267000,107611000
3535408,Panorama,35,SP,São Paulo,Sudeste,2020,298575000,15862,18823.288362123312,14507000,37983000,25085000,149179000,71822000
3535507,Paraguaçu Paulista,35,SP,São Paulo,Sudeste,2020,1646041000,45945,35826.335836326041,154423000,115782000,385889000,781337000,208609000
3535606,Paraibuna,35,SP,São Paulo,Sudeste,2020,325456000,18263,17820.511416525216,18815000,13044000,88978000,119596000,85023000
3535705,Paraíso,35,SP,São Paulo,Sudeste,2020,266520000,6496,41028.32512315271,42793000,32751000,76822000,80262000,33891000
3535804,Paranapanema,35,SP,São Paulo,Sudeste,2020,894412000,20395,43854.474135817603,76087000,280973000,36089000,390001000,111263000
3535903,Paranapuã,35,SP,São Paulo,Sudeste,2020,146562000,4095,35790.476190476191,6441000,57826000,6561000,54558000,21177000
3536000,Parapuã,35,SP,São Paulo,Sudeste,2020,640350000,10949,58484.79313179286,59420000,98005000,200217000,231884000,50824000
3536109,Pardinho,35,SP,São Paulo,Sudeste,2020,322482000,6508,49551.628764597415,26504000,26639000,70994000,157764000,40581000
3536208,Pariquera-Açu,35,SP,São Paulo,Sudeste,2020,533919000,19723,27070.881711707145,37593000,76821000,33551000,304064000,81890000
3536257,Parisi,35,SP,São Paulo,Sudeste,2020,53316000,2169,24580.912863070538,1431000,16106000,1710000,16960000,17109000
3536307,Patrocínio Paulista,35,SP,São Paulo,Sudeste,2020,1150896000,14807,77726.480718579056,110939000,306450000,337329000,327253000,68924000
3536406,Paulicéia,35,SP,São Paulo,Sudeste,2020,197070000,7454,26438.154011269118,7832000,28517000,31462000,84551000,44708000
3536505,Paulínia,35,SP,São Paulo,Sudeste,2020,38572766000,112003,344390.47168379417,5882213000,18946000,18444196000,12986131000,1241279000
3536570,Paulistânia,35,SP,São Paulo,Sudeste,2020,43156000,1834,23531.079607415486,2319000,9936000,1816000,12001000,17085000
3536604,Paulo de Faria,35,SP,São Paulo,Sudeste,2020,307340000,8959,34305.167987498608,7670000,163076000,14293000,77666000,44635000
3536703,Pederneiras,35,SP,São Paulo,Sudeste,2020,2334030000,47111,49543.206469826582,355951000,127357000,726957000,922998000,200767000
3536802,Pedra Bela,35,SP,São Paulo,Sudeste,2020,107472000,6110,17589.525368248771,5109000,21885000,5794000,45411000,29273000
3536901,Pedranópolis,35,SP,São Paulo,Sudeste,2020,72995000,2481,29421.604191858121,2026000,29698000,3788000,18555000,18927000
3537008,Pedregulho,35,SP,São Paulo,Sudeste,2020,1340987000,16811,79768.425435726604,42402000,284094000,666289000,273133000,75068000
3537107,Pedreira,35,SP,São Paulo,Sudeste,2020,1378763000,48463,28449.807069310609,196298000,9206000,323355000,639940000,209963000
3537156,Pedrinhas Paulista,35,SP,São Paulo,Sudeste,2020,159925000,3101,51572.07352466946,13669000,31115000,11529000,81192000,22420000
3537206,Pedro de Toledo,35,SP,São Paulo,Sudeste,2020,166359000,11421,14566.062516417127,7877000,29504000,8410000,70188000,50380000
3537305,Penápolis,35,SP,São Paulo,Sudeste,2020,1708157000,63757,26791.67777655787,132869000,97340000,209722000,963896000,304330000
3537404,Pereira Barreto,35,SP,São Paulo,Sudeste,2020,910639000,25677,35465.163375783777,98148000,119412000,22913000,543278000,126888000
3537503,Pereiras,35,SP,São Paulo,Sudeste,2020,285528000,8773,32546.221360993957,27238000,28887000,95750000,93806000,39847000
3537602,Peruíbe,35,SP,São Paulo,Sudeste,2020,1638669000,69001,23748.481906059333,73787000,30024000,271629000,930868000,332362000
3537701,Piacatu,35,SP,São Paulo,Sudeste,2020,105500000,6038,17472.673070553163,3535000,22035000,6462000,43353000,30116000
3537800,Piedade,35,SP,São Paulo,Sudeste,2020,1520382000,55542,27373.55514745598,86874000,517360000,128302000,589979000,197867000
3537909,Pilar do Sul,35,SP,São Paulo,Sudeste,2020,858346000,29402,29193.456227467519,81443000,133915000,43666000,478220000,121101000
3538006,Pindamonhangaba,35,SP,São Paulo,Sudeste,2020,9034084000,170132,53100.439658618016,1697090000,36010000,2958493000,3616480000,726010000
3538105,Pindorama,35,SP,São Paulo,Sudeste,2020,422181000,17216,24522.59526022305,33504000,41517000,91164000,178965000,77031000
3538204,Pinhalzinho,35,SP,São Paulo,Sudeste,2020,283315000,15388,18411.424486612945,16287000,55752000,27374000,123011000,60891000
3538303,Piquerobi,35,SP,São Paulo,Sudeste,2020,61717000,3699,16684.779670181131,2468000,13054000,3392000,19780000,23023000
3538501,Piquete,35,SP,São Paulo,Sudeste,2020,200245000,13575,14751.012891344382,9933000,4191000,45212000,88804000,52105000
3538600,Piracaia,35,SP,São Paulo,Sudeste,2020,589542000,27462,21467.555167140046,48677000,29471000,96010000,291820000,123565000
3538709,Piracicaba,35,SP,São Paulo,Sudeste,2020,27172817000,407252,66722.366004341297,6042306000,157151000,6868242000,12256937000,1848181000
3538808,Piraju,35,SP,São Paulo,Sudeste,2020,846460000,29869,28339.08065218119,55093000,80170000,109740000,469304000,132153000
3538907,Pirajuí,35,SP,São Paulo,Sudeste,2020,493233000,25719,19177.767409308293,29225000,85878000,31659000,244099000,102372000
3539004,Pirangi,35,SP,São Paulo,Sudeste,2020,385532000,11471,33609.275564466916,27728000,42539000,67824000,197465000,49976000
3539103,Pirapora do Bom Jesus,35,SP,São Paulo,Sudeste,2020,523356000,19178,27289.394097403274,42315000,211000,152346000,230658000,97826000
3539202,Pirapozinho,35,SP,São Paulo,Sudeste,2020,967369000,27754,34855.119982705197,112341000,51824000,304612000,379734000,118858000
3539301,Pirassununga,35,SP,São Paulo,Sudeste,2020,3119280000,76877,40574.944391690624,432151000,107969000,643064000,1566597000,369500000
3539400,Piratininga,35,SP,São Paulo,Sudeste,2020,255491000,13765,18560.915365056302,14114000,29352000,25123000,129666000,57236000
3539509,Pitangueiras,35,SP,São Paulo,Sudeste,2020,1278782000,40080,31905.738522954092,145395000,80363000,213749000,670262000,169013000
3539608,Planalto,35,SP,São Paulo,Sudeste,2020,180544000,5304,34039.215686274511,13513000,33882000,45418000,52043000,35689000
3539707,Platina,35,SP,São Paulo,Sudeste,2020,127549000,3578,35648.127445500279,10077000,51066000,14964000,27095000,24347000
3539806,Poá,35,SP,São Paulo,Sudeste,2020,3312400000,118349,27988.407168628379,378238000,3655000,803211000,1546391000,580905000
3539905,Poloni,35,SP,São Paulo,Sudeste,2020,143747000,6113,23514.968100768852,11169000,29553000,26763000,46731000,29531000
3540002,Pompéia,35,SP,São Paulo,Sudeste,2020,1506759000,22172,67957.73949125022,208632000,52297000,582757000,553619000,109453000
3540101,Pongaí,35,SP,São Paulo,Sudeste,2020,84841000,3400,24953.235294117647,3413000,20486000,4448000,34945000,21550000
3540200,Pontal,35,SP,São Paulo,Sudeste,2020,1303919000,50852,25641.449697160388,133102000,73510000,380604000,506051000,210652000
3540259,Pontalinda,35,SP,São Paulo,Sudeste,2020,85610000,4674,18316.217372700045,2851000,30717000,3768000,24697000,23575000
3540309,Pontes Gestal,35,SP,São Paulo,Sudeste,2020,102180000,2577,39650.756693830037,10617000,22496000,16309000,30862000,21897000
3540408,Populina,35,SP,São Paulo,Sudeste,2020,109557000,4152,26386.560693641619,2950000,39078000,5102000,36301000,26127000
3540507,Porangaba,35,SP,São Paulo,Sudeste,2020,201390000,10067,20004.966722956193,10383000,50208000,16643000,81075000,43080000
3540606,Porto Feliz,35,SP,São Paulo,Sudeste,2020,3136745000,53402,58738.343133215982,679330000,200623000,651249000,1342863000,262680000
3540705,Porto Ferreira,35,SP,São Paulo,Sudeste,2020,2284887000,56504,40437.615036103642,367327000,37516000,759515000,863235000,257294000
3540754,Potim,35,SP,São Paulo,Sudeste,2020,261238000,25130,10395.463589335455,17207000,2451000,38794000,107699000,95088000
3540804,Potirendaba,35,SP,São Paulo,Sudeste,2020,588461000,17516,33595.626855446448,51370000,52930000,179600000,225784000,78777000
3540853,Pracinha,35,SP,São Paulo,Sudeste,2020,35875000,4212,8517.3314339981007,704000,4334000,2017000,9224000,19597000
3540903,Pradópolis,35,SP,São Paulo,Sudeste,2020,1068675000,21873,48858.181319434923,201605000,32681000,391498000,325330000,117562000
3541000,Praia Grande,35,SP,São Paulo,Sudeste,2020,8113234000,330845,24522.76443651861,537348000,4872000,788122000,5087686000,1695206000
3541059,Pratânia,35,SP,São Paulo,Sudeste,2020,115913000,5317,21800.451382358471,4782000,36416000,10055000,36703000,27958000
3541109,Presidente Alves,35,SP,São Paulo,Sudeste,2020,72702000,4080,17819.117647058825,3017000,19867000,3453000,25352000,21013000
3541208,Presidente Bernardes,35,SP,São Paulo,Sudeste,2020,364664000,13023,28001.535744452121,21997000,50613000,18178000,206252000,67624000
3541307,Presidente Epitácio,35,SP,São Paulo,Sudeste,2020,955683000,44389,21529.725832976637,60827000,67457000,146694000,503693000,177013000
3541406,Presidente Prudente,35,SP,São Paulo,Sudeste,2020,8506732000,230371,36926.227693589906,800855000,41226000,1098352000,5667548000,898751000
3541505,Presidente Venceslau,35,SP,São Paulo,Sudeste,2020,783765000,39583,19800.5456888058,49495000,28284000,35369000,526679000,143938000
3541604,Promissão,35,SP,São Paulo,Sudeste,2020,2047759000,40828,50155.750955226802,194871000,88913000,859583000,711947000,192445000
3541653,Quadra,35,SP,São Paulo,Sudeste,2020,125522000,3854,32569.278671510121,5199000,52899000,5183000,36368000,25873000
3541703,Quatá,35,SP,São Paulo,Sudeste,2020,744440000,14210,52388.458831808588,80965000,71593000,247554000,280809000,63520000
3541802,Queiroz,35,SP,São Paulo,Sudeste,2020,869319000,3460,251248.26589595375,94364000,101191000,418925000,226336000,28503000
3541901,Queluz,35,SP,São Paulo,Sudeste,2020,345673000,13606,25405.923857121859,40597000,4142000,39571000,198319000,63044000
3542008,Quintana,35,SP,São Paulo,Sudeste,2020,219421000,6688,32808.163875598089,18332000,35168000,58524000,76119000,31278000
3542107,Rafard,35,SP,São Paulo,Sudeste,2020,383625000,9101,42151.961322931544,47574000,20259000,141908000,129789000,44096000
3542206,Rancharia,35,SP,São Paulo,Sudeste,2020,1322461000,29726,44488.360357935817,107785000,276657000,269958000,527541000,140520000
3542305,Redenção da Serra,35,SP,São Paulo,Sudeste,2020,62422000,3839,16259.963532169835,1936000,12176000,3056000,23938000,21316000
3542404,Regente Feijó,35,SP,São Paulo,Sudeste,2020,850298000,20394,41693.537314896537,110081000,63330000,113264000,464479000,99144000
3542503,Reginópolis,35,SP,São Paulo,Sudeste,2020,176929000,9837,17986.072989732642,5240000,69728000,6654000,52111000,43196000
3542602,Registro,35,SP,São Paulo,Sudeste,2020,2187148000,56393,38784.033479332538,222847000,130674000,150612000,1423030000,259986000
3542701,Restinga,35,SP,São Paulo,Sudeste,2020,192918000,7679,25122.802448235449,9861000,46797000,38645000,54458000,43157000
3542800,Ribeira,35,SP,São Paulo,Sudeste,2020,54175000,3330,16268.768768768768,1677000,15018000,2146000,16438000,18896000
3542909,Ribeirão Bonito,35,SP,São Paulo,Sudeste,2020,345639000,13299,25989.848860816604,18501000,59068000,40492000,168520000,59058000
3543006,Ribeirão Branco,35,SP,São Paulo,Sudeste,2020,512145000,16211,31592.437233976929,9235000,301108000,20738000,108996000,72067000
3543105,Ribeirão Corrente,35,SP,São Paulo,Sudeste,2020,175238000,4752,36876.683501683503,3974000,88821000,9612000,42486000,30345000
3543204,Ribeirão do Sul,35,SP,São Paulo,Sudeste,2020,201040000,4539,44291.694205772197,17456000,53996000,11644000,90718000,27226000
3543238,Ribeirão dos Índios,35,SP,São Paulo,Sudeste,2020,42308000,2224,19023.381294964031,1177000,12372000,2210000,12232000,14317000
3543253,Ribeirão Grande,35,SP,São Paulo,Sudeste,2020,218852000,7679,28500.065112644876,11136000,37412000,82867000,51792000,35645000
3543303,Ribeirão Pires,35,SP,São Paulo,Sudeste,2020,3341360000,124159,26911.943556246428,400993000,1588000,683469000,1779296000,476013000
3543402,Ribeirão Preto,35,SP,São Paulo,Sudeste,2020,35218869000,711825,49476.864397850593,3795093000,131403000,3881064000,24629556000,2781753000
3543501,Riversul,35,SP,São Paulo,Sudeste,2020,85167000,5443,15647.069630718353,3814000,23156000,4874000,27163000,26160000
3543600,Rifaina,35,SP,São Paulo,Sudeste,2020,173656000,3640,47707.692307692305,12685000,31433000,35545000,65889000,28105000
3543709,Rincão,35,SP,São Paulo,Sudeste,2020,209965000,10812,19419.626341102477,10108000,42860000,19945000,87587000,49465000
3543808,Rinópolis,35,SP,São Paulo,Sudeste,2020,303134000,9961,30432.085132014858,18350000,93826000,39453000,108593000,42912000
3543907,Rio Claro,35,SP,São Paulo,Sudeste,2020,11432196000,208008,54960.366908965043,1624538000,94426000,3929952000,4785444000,997837000
3544004,Rio das Pedras,35,SP,São Paulo,Sudeste,2020,1464968000,35738,40991.885388102302,248593000,28784000,279436000,739407000,168749000
3544103,Rio Grande da Serra,35,SP,São Paulo,Sudeste,2020,847583000,51436,16478.400342172798,88678000,763000,133714000,447112000,177317000
3544202,Riolândia,35,SP,São Paulo,Sudeste,2020,246046000,12689,19390.495704941288,7986000,82234000,14043000,75586000,66196000
3544251,Rosana,35,SP,São Paulo,Sudeste,2020,2277165000,16281,139866.40869725446,17323000,68536000,1863323000,208533000,119449000
3544301,Roseira,35,SP,São Paulo,Sudeste,2020,338539000,10801,31343.301546153132,38452000,6074000,78783000,160077000,55153000
3544400,Rubiácea,35,SP,São Paulo,Sudeste,2020,81573000,3162,25797.912713472484,2142000,36034000,4035000,19188000,20174000
3544509,Rubinéia,35,SP,São Paulo,Sudeste,2020,88399000,3170,27886.119873817035,3181000,22336000,4701000,34292000,23889000
3544608,Sabino,35,SP,São Paulo,Sudeste,2020,135306000,5614,24101.531884574277,4933000,53541000,4850000,46458000,25524000
3544707,Sagres,35,SP,São Paulo,Sudeste,2020,46478000,2430,19126.748971193414,965000,13838000,2077000,12889000,16709000
3544806,Sales,35,SP,São Paulo,Sudeste,2020,155723000,6407,24305.135008584362,5706000,37363000,6586000,74147000,31921000
3544905,Sales Oliveira,35,SP,São Paulo,Sudeste,2020,412199000,11998,34355.642607101181,28522000,97167000,70801000,164604000,51106000
3545001,Salesópolis,35,SP,São Paulo,Sudeste,2020,244311000,17252,14161.314630187804,10564000,28930000,11159000,123852000,69805000
3545100,Salmourão,35,SP,São Paulo,Sudeste,2020,83198000,5337,15588.90762600712,2133000,21567000,4084000,29620000,25793000
3545159,Saltinho,35,SP,São Paulo,Sudeste,2020,292354000,8393,34833.075181699038,46288000,16551000,53044000,133505000,42967000
3545209,Salto,35,SP,São Paulo,Sudeste,2020,7805418000,119736,65188.564842653839,1297864000,13416000,1892640000,4067598000,533899000
3545308,Salto de Pirapora,35,SP,São Paulo,Sudeste,2020,2105313000,45860,45907.392062799823,238347000,20288000,1058550000,598140000,189988000
3545407,Salto Grande,35,SP,São Paulo,Sudeste,2020,268222000,9364,28643.955574540796,16075000,32740000,79015000,95436000,44956000
3545506,Sandovalina,35,SP,São Paulo,Sudeste,2020,436748000,4354,100309.60036747818,8253000,61731000,281433000,46703000,38628000
3545605,Santa Adélia,35,SP,São Paulo,Sudeste,2020,356440000,15561,22905.982905982906,17749000,76133000,10147000,184938000,67472000
3545704,Santa Albertina,35,SP,São Paulo,Sudeste,2020,212828000,6022,35341.746927930923,15392000,31852000,55999000,78261000,31324000
3545803,Santa Bárbara d'Oeste,35,SP,São Paulo,Sudeste,2020,6480087000,194390,33335.495653068574,809090000,36355000,1513001000,3234756000,886885000
3546009,Santa Branca,35,SP,São Paulo,Sudeste,2020,284605000,14857,19156.289964326581,15979000,7344000,79480000,109732000,72070000
3546108,Santa Clara d'Oeste,35,SP,São Paulo,Sudeste,2020,73993000,2113,35017.983909133931,3293000,24529000,4005000,22150000,20015000
3546207,Santa Cruz da Conceição,35,SP,São Paulo,Sudeste,2020,144060000,4544,31703.345070422536,13659000,19509000,17665000,60322000,32904000
3546256,Santa Cruz da Esperança,35,SP,São Paulo,Sudeste,2020,63847000,2153,29654.900139340454,1440000,23732000,3680000,17031000,17963000
3546306,Santa Cruz das Palmeiras,35,SP,São Paulo,Sudeste,2020,580135000,34737,16700.780147969024,37767000,48309000,21611000,337518000,134929000
3546405,Santa Cruz do Rio Pardo,35,SP,São Paulo,Sudeste,2020,2429446000,47943,50673.63327284484,271683000,196339000,627281000,1105027000,229117000
3546504,Santa Ernestina,35,SP,São Paulo,Sudeste,2020,106245000,5588,19013.063707945599,4569000,18229000,6141000,48502000,28804000
3546603,Santa Fé do Sul,35,SP,São Paulo,Sudeste,2020,1268451000,32563,38953.751190000919,104921000,55973000,204137000,713240000,190179000
3546702,Santa Gertrudes,35,SP,São Paulo,Sudeste,2020,2691618000,27381,98302.39947408787,382567000,17298000,1574492000,552688000,164573000
3546801,Santa Isabel,35,SP,São Paulo,Sudeste,2020,1608902000,57966,27755.960390573786,169546000,79162000,278964000,834855000,246375000
3546900,Santa Lúcia,35,SP,São Paulo,Sudeste,2020,125727000,8854,14200.022588660493,3791000,33625000,4765000,47604000,35941000
3547007,Santa Maria da Serra,35,SP,São Paulo,Sudeste,2020,137313000,6236,22019.403463758819,7158000,25569000,26015000,50993000,27578000
3547106,Santa Mercedes,35,SP,São Paulo,Sudeste,2020,61992000,2943,21064.220183486239,1782000,18358000,3087000,20050000,18715000
3547205,Santana da Ponte Pensa,35,SP,São Paulo,Sudeste,2020,41425000,1467,28237.900477164279,1056000,12642000,1993000,11812000,13922000
3547304,Santana de Parnaíba,35,SP,São Paulo,Sudeste,2020,9901439000,142301,69580.951644753019,1697520000,135531000,1781651000,5351843000,934894000
3547403,Santa Rita d'Oeste,35,SP,São Paulo,Sudeste,2020,66988000,2487,26935.263369521512,2257000,19944000,2186000,25337000,17264000
3547502,Santa Rita do Passa Quatro,35,SP,São Paulo,Sudeste,2020,759046000,27600,27501.666666666668,78874000,68590000,107069000,386968000,117545000
3547601,Santa Rosa de Viterbo,35,SP,São Paulo,Sudeste,2020,762226000,26753,28491.234627892198,106906000,47464000,198853000,291354000,117649000
3547650,Santa Salete,35,SP,São Paulo,Sudeste,2020,39552000,1552,25484.536082474227,1559000,11554000,2048000,11929000,12463000
3547700,Santo Anastácio,35,SP,São Paulo,Sudeste,2020,500827000,20866,24002.060768714655,36458000,65148000,64683000,247454000,87083000
3547809,Santo André,35,SP,São Paulo,Sudeste,2020,29440477000,721368,40812.008572600949,3611497000,1438000,7130909000,15949869000,2746764000
3547908,Santo Antônio da Alegria,35,SP,São Paulo,Sudeste,2020,186670000,6977,26755.05231474846,7857000,71988000,6998000,59866000,39960000
3548005,Santo Antônio de Posse,35,SP,São Paulo,Sudeste,2020,1591867000,23529,67655.531471800758,251567000,206451000,300135000,721006000,112709000
3548054,Santo Antônio do Aracanguá,35,SP,São Paulo,Sudeste,2020,253425000,8481,29881.499823134065,8667000,86268000,19169000,78700000,60621000
3548104,Santo Antônio do Jardim,35,SP,São Paulo,Sudeste,2020,195824000,5940,32967.003367003366,10298000,75159000,10563000,71438000,28366000
3548203,Santo Antônio do Pinhal,35,SP,São Paulo,Sudeste,2020,129815000,6827,19014.940676724771,5153000,13647000,6897000,66238000,37879000
3548302,Santo Expedito,35,SP,São Paulo,Sudeste,2020,44972000,3135,14345.135566188197,1093000,5557000,3063000,17052000,18207000
3548401,Santópolis do Aguapeí,35,SP,São Paulo,Sudeste,2020,72147000,4817,14977.579406269462,3136000,9052000,3672000,32910000,23377000
3548500,Santos,35,SP,São Paulo,Sudeste,2020,22073535000,433656,50901.025236593057,3559826000,4712000,1709534000,14466926000,2332537000
3548609,São Bento do Sapucaí,35,SP,São Paulo,Sudeste,2020,238796000,10893,21921.968236482146,11002000,38941000,9684000,130275000,48894000
3548708,São Bernardo do Campo,35,SP,São Paulo,Sudeste,2020,48614342000,844483,57566.987138876684,8757956000,11389000,9958694000,26418793000,3467510000
3548807,São Caetano do Sul,35,SP,São Paulo,Sudeste,2020,13960695000,161957,86200.00987916546,1946918000,32000,2949167000,7540861000,1523716000
3548906,São Carlos,35,SP,São Paulo,Sudeste,2020,12139152000,254484,47701.042108737682,1615308000,167433000,2993258000,6171164000,1191989000
3549003,São Francisco,35,SP,São Paulo,Sudeste,2020,47777000,2817,16960.241391551295,942000,14729000,2487000,14438000,15180000
3549102,São João da Boa Vista,35,SP,São Paulo,Sudeste,2020,3443741000,91771,37525.37293916379,335510000,100427000,694099000,1898145000,415560000
3549201,São João das Duas Pontes,35,SP,São Paulo,Sudeste,2020,49295000,2561,19248.340491995314,974000,15297000,3212000,14120000,15692000
3549250,São João de Iracema,35,SP,São Paulo,Sudeste,2020,42534000,1932,22015.527950310559,1040000,12282000,1183000,12646000,15383000
3549300,São João do Pau d'Alho,35,SP,São Paulo,Sudeste,2020,55343000,2100,26353.809523809523,1459000,18755000,2294000,17232000,15603000
3549409,São Joaquim da Barra,35,SP,São Paulo,Sudeste,2020,1884291000,52319,36015.424606739427,187624000,76123000,540869000,861662000,218013000
3549508,São José da Bela Vista,35,SP,São Paulo,Sudeste,2020,183809000,8960,20514.397321428572,7367000,64183000,5150000,64395000,42713000
3549607,São José do Barreiro,35,SP,São Paulo,Sudeste,2020,60253000,4144,14539.816602316603,1855000,9130000,2308000,21166000,25794000
3549706,São José do Rio Pardo,35,SP,São Paulo,Sudeste,2020,2167056000,55124,39312.386619258403,250695000,161039000,473965000,1045102000,236256000
3549805,São José do Rio Preto,35,SP,São Paulo,Sudeste,2020,18694213000,464983,40204.07842867374,1845680000,61762000,1926117000,13096810000,1763843000
3549904,São José dos Campos,35,SP,São Paulo,Sudeste,2020,39148012000,729737,53646.741223207813,4950042000,21291000,13484973000,17932222000,2759485000
3549953,São Lourenço da Serra,35,SP,São Paulo,Sudeste,2020,265601000,15978,16622.919013643761,19855000,1686000,33423000,140930000,69708000
3550001,São Luiz do Paraitinga,35,SP,São Paulo,Sudeste,2020,190188000,10690,17791.206735266605,9336000,23066000,10549000,93643000,53593000
3550100,São Manuel,35,SP,São Paulo,Sudeste,2020,1286639000,41123,31287.576295503732,125992000,129378000,172536000,703615000,155118000
3550209,São Miguel Arcanjo,35,SP,São Paulo,Sudeste,2020,929242000,33002,28157.141991394459,34324000,418466000,42301000,303838000,130313000
3550308,São Paulo,35,SP,São Paulo,Sudeste,2020,748759007000,12325232,60750.094359278592,124349146000,61896000,58077784000,520357969000,45912212000
3550407,São Pedro,35,SP,São Paulo,Sudeste,2020,817487000,35980,22720.594774874931,64506000,56762000,60600000,478812000,156807000
3550506,São Pedro do Turvo,35,SP,São Paulo,Sudeste,2020,235066000,7696,30543.91891891892,12013000,95993000,23761000,62136000,41164000
3550605,São Roque,35,SP,São Paulo,Sudeste,2020,3108224000,92060,33763.024114707798,370465000,47545000,556806000,1754878000,378530000
3550704,São Sebastião,35,SP,São Paulo,Sudeste,2020,3417181000,90328,37830.805508812329,294334000,14743000,214293000,2231354000,662457000
3550803,São Sebastião da Grama,35,SP,São Paulo,Sudeste,2020,330006000,12159,27140.883296323711,23751000,72967000,30201000,151684000,51403000
3550902,São Simão,35,SP,São Paulo,Sudeste,2020,472878000,15385,30736.30159246019,41773000,78027000,55387000,214917000,82773000
3551009,São Vicente,35,SP,São Paulo,Sudeste,2020,5728474000,368355,15551.503305235439,349829000,3970000,470942000,3421910000,1481823000
3551108,Sarapuí,35,SP,São Paulo,Sudeste,2020,187019000,10390,17999.90375360924,11152000,38017000,26414000,63909000,47528000
3551207,Sarutaiá,35,SP,São Paulo,Sudeste,2020,85717000,3630,23613.49862258953,1372000,35486000,3842000,23901000,21116000
3551306,Sebastianópolis do Sul,35,SP,São Paulo,Sudeste,2020,436201000,3554,122735.22791221159,37181000,46282000,217561000,109586000,25591000
3551405,Serra Azul,35,SP,São Paulo,Sudeste,2020,188938000,14981,12611.841666110406,5083000,46967000,11973000,61029000,63886000
3551504,Serrana,35,SP,São Paulo,Sudeste,2020,1183584000,45644,25930.768556655858,131386000,22901000,188540000,623587000,217171000
3551603,Serra Negra,35,SP,São Paulo,Sudeste,2020,741179000,29452,25165.659377970936,57317000,62974000,64992000,431056000,124840000
3551702,Sertãozinho,35,SP,São Paulo,Sudeste,2020,6643889000,127142,52255.659026914785,846088000,77621000,1995325000,3100575000,624280000
3551801,Sete Barras,35,SP,São Paulo,Sudeste,2020,351527000,12780,27506.02503912363,10937000,160222000,22548000,96844000,60976000
3551900,Severínia,35,SP,São Paulo,Sudeste,2020,253026000,17661,14326.821810769492,13949000,15697000,9324000,135678000,78377000
3552007,Silveiras,35,SP,São Paulo,Sudeste,2020,89587000,6339,14132.670768259977,7011000,10228000,3732000,30744000,37872000
3552106,Socorro,35,SP,São Paulo,Sudeste,2020,961731000,41352,23257.182240278584,81419000,89296000,118582000,503688000,168745000
3552205,Sorocaba,35,SP,São Paulo,Sudeste,2020,36723769000,687357,53427.50419359954,7169139000,47593000,8396590000,18276853000,2833594000
3552304,Sud Mennucci,35,SP,São Paulo,Sudeste,2020,226141000,7728,29262.551759834369,11035000,86895000,13952000,70266000,43993000
3552403,Sumaré,35,SP,São Paulo,Sudeste,2020,13751004000,286211,48044.987788729297,2268460000,188424000,3518626000,6694864000,1080631000
3552502,Suzano,35,SP,São Paulo,Sudeste,2020,12674723000,300559,42170.498970252098,1963410000,387097000,4438533000,4737181000,1148503000
3552551,Suzanápolis,35,SP,São Paulo,Sudeste,2020,296820000,4014,73946.188340807174,31539000,29483000,126229000,83195000,26373000
3552601,Tabapuã,35,SP,São Paulo,Sudeste,2020,260517000,12485,20866.399679615537,10657000,63133000,10808000,116404000,59514000
3552700,Tabatinga,35,SP,São Paulo,Sudeste,2020,296297000,16644,17802.030761836097,15255000,59514000,25968000,121909000,73650000
3552809,Taboão da Serra,35,SP,São Paulo,Sudeste,2020,9012883000,293652,30692.394398812201,1176573000,241000,1859852000,4862830000,1113388000
3552908,Taciba,35,SP,São Paulo,Sudeste,2020,190867000,6329,30157.528835519039,5557000,78639000,11345000,52694000,42631000
3553005,Taguaí,35,SP,São Paulo,Sudeste,2020,275498000,14141,19482.214836291634,20491000,35837000,17471000,140687000,61012000
3553104,Taiaçu,35,SP,São Paulo,Sudeste,2020,100281000,6320,15867.246835443038,4516000,24650000,2806000,40969000,27340000
3553203,Taiúva,35,SP,São Paulo,Sudeste,2020,116192000,5564,20882.818116462975,7672000,20221000,7941000,50197000,30161000
3553302,Tambaú,35,SP,São Paulo,Sudeste,2020,599380000,23232,25799.758953168042,44078000,64645000,120715000,280860000,89082000
3553401,Tanabi,35,SP,São Paulo,Sudeste,2020,1215752000,26101,46578.751771962758,90854000,120054000,431956000,451067000,121821000
3553500,Tapiraí,35,SP,São Paulo,Sudeste,2020,183352000,7766,23609.580221478238,6509000,73776000,11362000,53007000,38699000
3553609,Tapiratiba,35,SP,São Paulo,Sudeste,2020,259600000,12950,20046.332046332045,12032000,61692000,21188000,108603000,56085000
3553658,Taquaral,35,SP,São Paulo,Sudeste,2020,44492000,2813,15816.565943832207,1969000,8379000,1851000,14172000,18121000
3553708,Taquaritinga,35,SP,São Paulo,Sudeste,2020,1725184000,57364,30074.332333867933,127643000,149472000,227419000,906690000,313960000
3553807,Taquarituba,35,SP,São Paulo,Sudeste,2020,880382000,23256,37856.123151014792,91185000,130698000,66255000,494784000,97459000
3553856,Taquarivaí,35,SP,São Paulo,Sudeste,2020,334989000,5911,56672.136694298766,25906000,133314000,18862000,122771000,34136000
3553906,Tarabai,35,SP,São Paulo,Sudeste,2020,143040000,7540,18970.822281167108,20521000,19195000,12451000,52310000,38562000
3553955,Tarumã,35,SP,São Paulo,Sudeste,2020,853305000,15183,56201.343607982613,87717000,59116000,321674000,310073000,74726000
3554003,Tatuí,35,SP,São Paulo,Sudeste,2020,4402998000,122967,35806.338285881575,513152000,142062000,1043943000,2198538000,505303000
3554102,Taubaté,35,SP,São Paulo,Sudeste,2020,14906023000,317915,46886.818803768299,2866820000,30856000,4099288000,6577192000,1331867000
3554201,Tejupá,35,SP,São Paulo,Sudeste,2020,121607000,4491,27077.933645067915,2557000,61990000,3424000,27917000,25719000
3554300,Teodoro Sampaio,35,SP,São Paulo,Sudeste,2020,581094000,23273,24968.590211833456,31509000,116236000,85144000,247987000,100218000
3554409,Terra Roxa,35,SP,São Paulo,Sudeste,2020,160432000,9437,17000.31789763696,5676000,32824000,14011000,63049000,44871000
3554508,Tietê,35,SP,São Paulo,Sudeste,2020,1970726000,42517,46351.482936237269,235806000,63073000,670722000,800106000,201020000
3554607,Timburi,35,SP,São Paulo,Sudeste,2020,58152000,2652,21927.601809954751,1283000,19766000,2874000,16086000,18143000
3554656,Torre de Pedra,35,SP,São Paulo,Sudeste,2020,33931000,2422,14009.496284062758,1075000,2130000,2005000,13498000,15224000
3554706,Torrinha,35,SP,São Paulo,Sudeste,2020,235341000,10056,23403.042959427206,15717000,45620000,26048000,104071000,43885000
3554755,Trabiju,35,SP,São Paulo,Sudeste,2020,41627000,1738,23951.093210586881,1645000,7179000,3470000,13599000,15734000
3554805,Tremembé,35,SP,São Paulo,Sudeste,2020,811760000,47714,17013.036006203631,70752000,11373000,160512000,368185000,200938000
3554904,Três Fronteiras,35,SP,São Paulo,Sudeste,2020,110466000,5832,18941.358024691359,5410000,21163000,8671000,45542000,29681000
3554953,Tuiuti,35,SP,São Paulo,Sudeste,2020,186676000,6977,26755.912283216283,11811000,39170000,7347000,98449000,29899000
3555000,Tupã,35,SP,São Paulo,Sudeste,2020,2036553000,65570,31059.219155101418,166873000,184887000,257182000,1164444000,263166000
3555109,Tupi Paulista,35,SP,São Paulo,Sudeste,2020,313150000,15583,20095.61701854585,13306000,43062000,10171000,176244000,70365000
3555208,Turiúba,35,SP,São Paulo,Sudeste,2020,54958000,2020,27206.930693069306,1243000,21691000,2278000,14752000,14994000
3555307,Turmalina,35,SP,São Paulo,Sudeste,2020,67485000,1696,39790.683962264149,1559000,32086000,3044000,15478000,15318000
3555356,Ubarana,35,SP,São Paulo,Sudeste,2020,402170000,6400,62839.0625,21827000,40683000,221912000,82067000,35680000
3555406,Ubatuba,35,SP,São Paulo,Sudeste,2020,2397632000,91824,26111.169193239239,118558000,40763000,284905000,1506133000,447273000
3555505,Ubirajara,35,SP,São Paulo,Sudeste,2020,116223000,4804,24192.964196502915,4376000,34694000,5498000,41289000,30367000
3555604,Uchoa,35,SP,São Paulo,Sudeste,2020,351309000,10151,34608.314451778147,30972000,42384000,109565000,119065000,49324000
3555703,União Paulista,35,SP,São Paulo,Sudeste,2020,50725000,1865,27198.391420911528,1163000,16349000,2389000,15038000,15787000
3555802,Urânia,35,SP,São Paulo,Sudeste,2020,246762000,9120,27057.236842105263,13345000,76354000,23278000,98093000,35692000
3555901,Uru,35,SP,São Paulo,Sudeste,2020,44853000,1153,38901.127493495231,1116000,15364000,1846000,12252000,14274000
3556008,Urupês,35,SP,São Paulo,Sudeste,2020,462792000,13888,33323.156682027649,35680000,113197000,31444000,212305000,70165000
3556107,Valentim Gentil,35,SP,São Paulo,Sudeste,2020,397264000,13532,29357.375110848359,37446000,24796000,133199000,148135000,53687000
3556206,Valinhos,35,SP,São Paulo,Sudeste,2020,6864136000,131210,52314.122399207379,1194151000,62297000,1528405000,3432183000,647099000
3556305,Valparaíso,35,SP,São Paulo,Sudeste,2020,1157113000,26822,43140.444411304154,103376000,165215000,400746000,358136000,129638000
3556354,Vargem,35,SP,São Paulo,Sudeste,2020,145029000,10692,13564.25364758698,8800000,10627000,12973000,70305000,42325000
3556404,Vargem Grande do Sul,35,SP,São Paulo,Sudeste,2020,1133433000,43110,26291.649269311063,121194000,53680000,162643000,626404000,169512000
3556453,Vargem Grande Paulista,35,SP,São Paulo,Sudeste,2020,2361930000,53468,44174.646517543202,412732000,46259000,521338000,1124284000,257317000
3556503,Várzea Paulista,35,SP,São Paulo,Sudeste,2020,3139194000,123071,25507.178782978932,425225000,2598000,911133000,1344098000,456140000
3556602,Vera Cruz,35,SP,São Paulo,Sudeste,2020,200805000,10823,18553.54337983923,15964000,20570000,7481000,110713000,46077000
3556701,Vinhedo,35,SP,São Paulo,Sudeste,2020,10454487000,80111,130500.01872402042,2351601000,14670000,3060615000,4498201000,529400000
3556800,Viradouro,35,SP,São Paulo,Sudeste,2020,371940000,19017,19558.289951096387,26305000,32577000,40560000,187080000,85418000
3556909,Vista Alegre do Alto,35,SP,São Paulo,Sudeste,2020,404202000,8989,44966.292134831463,51665000,39168000,130091000,139967000,43311000
3556958,Vitória Brasil,35,SP,São Paulo,Sudeste,2020,42542000,1846,23045.503791982665,2240000,7302000,1898000,17176000,13926000
3557006,Votorantim,35,SP,São Paulo,Sudeste,2020,3425370000,123599,27713.573734415328,408956000,2005000,791492000,1713675000,509240000
3557105,Votuporanga,35,SP,São Paulo,Sudeste,2020,3374037000,95338,35390.264112945522,308616000,53897000,570909000,2060409000,380205000
3557154,Zacarias,35,SP,São Paulo,Sudeste,2020,113037000,2752,41074.491279069771,3619000,51589000,9335000,27208000,21286000
3557204,Chavantes,35,SP,São Paulo,Sudeste,2020,238115000,12418,19174.987920760188,16303000,29939000,14647000,116977000,60249000
3557303,Estiva Gerbi,35,SP,São Paulo,Sudeste,2020,347057000,11407,30424.914526168141,26786000,66968000,86720000,111311000,55272000
